[
    {
        "pk": 339,
        "model": "cms.placeholder",
        "fields": {
            "slot": "pgtitle",
            "default_width": null
        }
    },
    {
        "pk": 340,
        "model": "cms.placeholder",
        "fields": {
            "slot": "main_content",
            "default_width": null
        }
    },
    {
        "pk": 342,
        "model": "cms.placeholder",
        "fields": {
            "slot": "support_title",
            "default_width": null
        }
    },
    {
        "pk": 79,
        "model": "cms.placeholder",
        "fields": {
            "slot": "hero_image",
            "default_width": null
        }
    },
    {
        "pk": 80,
        "model": "cms.placeholder",
        "fields": {
            "slot": "features",
            "default_width": null
        }
    },
    {
        "pk": 81,
        "model": "cms.placeholder",
        "fields": {
            "slot": "feedback_02",
            "default_width": null
        }
    },
    {
        "pk": 82,
        "model": "cms.placeholder",
        "fields": {
            "slot": "hero_image",
            "default_width": null
        }
    },
    {
        "pk": 83,
        "model": "cms.placeholder",
        "fields": {
            "slot": "Strapline",
            "default_width": null
        }
    },
    {
        "pk": 84,
        "model": "cms.placeholder",
        "fields": {
            "slot": "support_welcome",
            "default_width": null
        }
    },
    {
        "pk": 85,
        "model": "cms.placeholder",
        "fields": {
            "slot": "team",
            "default_width": null
        }
    },
    {
        "pk": 344,
        "model": "cms.placeholder",
        "fields": {
            "slot": "support_title",
            "default_width": null
        }
    },
    {
        "pk": 87,
        "model": "cms.placeholder",
        "fields": {
            "slot": "support_product",
            "default_width": null
        }
    },
    {
        "pk": 88,
        "model": "cms.placeholder",
        "fields": {
            "slot": "support_document",
            "default_width": null
        }
    },
    {
        "pk": 89,
        "model": "cms.placeholder",
        "fields": {
            "slot": "product",
            "default_width": null
        }
    },
    {
        "pk": 90,
        "model": "cms.placeholder",
        "fields": {
            "slot": "catagory",
            "default_width": null
        }
    },
    {
        "pk": 91,
        "model": "cms.placeholder",
        "fields": {
            "slot": "catagory",
            "default_width": null
        }
    },
    {
        "pk": 92,
        "model": "cms.placeholder",
        "fields": {
            "slot": "template_1_content",
            "default_width": null
        }
    },
    {
        "pk": 346,
        "model": "cms.placeholder",
        "fields": {
            "slot": "support_title",
            "default_width": null
        }
    },
    {
        "pk": 94,
        "model": "cms.placeholder",
        "fields": {
            "slot": "template_1_content",
            "default_width": null
        }
    },
    {
        "pk": 95,
        "model": "cms.placeholder",
        "fields": {
            "slot": "template_1_content",
            "default_width": null
        }
    },
    {
        "pk": 350,
        "model": "cms.placeholder",
        "fields": {
            "slot": "hero_p",
            "default_width": null
        }
    },
    {
        "pk": 97,
        "model": "cms.placeholder",
        "fields": {
            "slot": "template_1_content",
            "default_width": null
        }
    },
    {
        "pk": 99,
        "model": "cms.placeholder",
        "fields": {
            "slot": "template_1_content",
            "default_width": null
        }
    },
    {
        "pk": 100,
        "model": "cms.placeholder",
        "fields": {
            "slot": "title",
            "default_width": null
        }
    },
    {
        "pk": 102,
        "model": "cms.placeholder",
        "fields": {
            "slot": "title",
            "default_width": null
        }
    },
    {
        "pk": 103,
        "model": "cms.placeholder",
        "fields": {
            "slot": "title",
            "default_width": null
        }
    },
    {
        "pk": 105,
        "model": "cms.placeholder",
        "fields": {
            "slot": "title",
            "default_width": null
        }
    },
    {
        "pk": 107,
        "model": "cms.placeholder",
        "fields": {
            "slot": "title",
            "default_width": null
        }
    },
    {
        "pk": 108,
        "model": "cms.placeholder",
        "fields": {
            "slot": "Welcome",
            "default_width": null
        }
    },
    {
        "pk": 109,
        "model": "cms.placeholder",
        "fields": {
            "slot": "content",
            "default_width": null
        }
    },
    {
        "pk": 110,
        "model": "cms.placeholder",
        "fields": {
            "slot": "side_content",
            "default_width": null
        }
    },
    {
        "pk": 111,
        "model": "cms.placeholder",
        "fields": {
            "slot": "side_content_header",
            "default_width": null
        }
    },
    {
        "pk": 112,
        "model": "cms.placeholder",
        "fields": {
            "slot": "side_content_primary_header",
            "default_width": null
        }
    },
    {
        "pk": 113,
        "model": "cms.placeholder",
        "fields": {
            "slot": "side_",
            "default_width": null
        }
    },
    {
        "pk": 114,
        "model": "cms.placeholder",
        "fields": {
            "slot": "side_primary_h",
            "default_width": null
        }
    },
    {
        "pk": 115,
        "model": "cms.placeholder",
        "fields": {
            "slot": "side_primary_p",
            "default_width": null
        }
    },
    {
        "pk": 116,
        "model": "cms.placeholder",
        "fields": {
            "slot": "side_secondary_h",
            "default_width": null
        }
    },
    {
        "pk": 117,
        "model": "cms.placeholder",
        "fields": {
            "slot": "side_secondary_p",
            "default_width": null
        }
    },
    {
        "pk": 118,
        "model": "cms.placeholder",
        "fields": {
            "slot": "main_content",
            "default_width": null
        }
    },
    {
        "pk": 119,
        "model": "cms.placeholder",
        "fields": {
            "slot": "main_content",
            "default_width": null
        }
    },
    {
        "pk": 120,
        "model": "cms.placeholder",
        "fields": {
            "slot": "side_primary_h",
            "default_width": null
        }
    },
    {
        "pk": 121,
        "model": "cms.placeholder",
        "fields": {
            "slot": "side_primary_p",
            "default_width": null
        }
    },
    {
        "pk": 122,
        "model": "cms.placeholder",
        "fields": {
            "slot": "side_secondary_h",
            "default_width": null
        }
    },
    {
        "pk": 48,
        "model": "cms.placeholder",
        "fields": {
            "slot": "strapline",
            "default_width": null
        }
    },
    {
        "pk": 49,
        "model": "cms.placeholder",
        "fields": {
            "slot": "hero",
            "default_width": null
        }
    },
    {
        "pk": 50,
        "model": "cms.placeholder",
        "fields": {
            "slot": "Feedback",
            "default_width": null
        }
    },
    {
        "pk": 51,
        "model": "cms.placeholder",
        "fields": {
            "slot": "strapline",
            "default_width": null
        }
    },
    {
        "pk": 52,
        "model": "cms.placeholder",
        "fields": {
            "slot": "features",
            "default_width": null
        }
    },
    {
        "pk": 53,
        "model": "cms.placeholder",
        "fields": {
            "slot": "feedback_02",
            "default_width": null
        }
    },
    {
        "pk": 54,
        "model": "cms.placeholder",
        "fields": {
            "slot": "strapline",
            "default_width": null
        }
    },
    {
        "pk": 55,
        "model": "cms.placeholder",
        "fields": {
            "slot": "features",
            "default_width": null
        }
    },
    {
        "pk": 56,
        "model": "cms.placeholder",
        "fields": {
            "slot": "feedback_02",
            "default_width": null
        }
    },
    {
        "pk": 57,
        "model": "cms.placeholder",
        "fields": {
            "slot": "strapline",
            "default_width": null
        }
    },
    {
        "pk": 58,
        "model": "cms.placeholder",
        "fields": {
            "slot": "features",
            "default_width": null
        }
    },
    {
        "pk": 59,
        "model": "cms.placeholder",
        "fields": {
            "slot": "feedback_02",
            "default_width": null
        }
    },
    {
        "pk": 60,
        "model": "cms.placeholder",
        "fields": {
            "slot": "template_1_content",
            "default_width": null
        }
    },
    {
        "pk": 61,
        "model": "cms.placeholder",
        "fields": {
            "slot": "Welcome",
            "default_width": null
        }
    },
    {
        "pk": 62,
        "model": "cms.placeholder",
        "fields": {
            "slot": "support_product",
            "default_width": null
        }
    },
    {
        "pk": 63,
        "model": "cms.placeholder",
        "fields": {
            "slot": "support_document",
            "default_width": null
        }
    },
    {
        "pk": 64,
        "model": "cms.placeholder",
        "fields": {
            "slot": "support_product",
            "default_width": null
        }
    },
    {
        "pk": 65,
        "model": "cms.placeholder",
        "fields": {
            "slot": "support_document",
            "default_width": null
        }
    },
    {
        "pk": 123,
        "model": "cms.placeholder",
        "fields": {
            "slot": "side_secondary_p",
            "default_width": null
        }
    },
    {
        "pk": 124,
        "model": "cms.placeholder",
        "fields": {
            "slot": "main_content",
            "default_width": null
        }
    },
    {
        "pk": 125,
        "model": "cms.placeholder",
        "fields": {
            "slot": "side_primary_h",
            "default_width": null
        }
    },
    {
        "pk": 126,
        "model": "cms.placeholder",
        "fields": {
            "slot": "side_primary_p",
            "default_width": null
        }
    },
    {
        "pk": 72,
        "model": "cms.placeholder",
        "fields": {
            "slot": "support_product",
            "default_width": null
        }
    },
    {
        "pk": 73,
        "model": "cms.placeholder",
        "fields": {
            "slot": "support_document",
            "default_width": null
        }
    },
    {
        "pk": 74,
        "model": "cms.placeholder",
        "fields": {
            "slot": "hero",
            "default_width": null
        }
    },
    {
        "pk": 75,
        "model": "cms.placeholder",
        "fields": {
            "slot": "Feedback",
            "default_width": null
        }
    },
    {
        "pk": 127,
        "model": "cms.placeholder",
        "fields": {
            "slot": "side_secondary_h",
            "default_width": null
        }
    },
    {
        "pk": 128,
        "model": "cms.placeholder",
        "fields": {
            "slot": "side_secondary_p",
            "default_width": null
        }
    },
    {
        "pk": 136,
        "model": "cms.placeholder",
        "fields": {
            "slot": "support_product",
            "default_width": null
        }
    },
    {
        "pk": 137,
        "model": "cms.placeholder",
        "fields": {
            "slot": "support_document",
            "default_width": null
        }
    },
    {
        "pk": 138,
        "model": "cms.placeholder",
        "fields": {
            "slot": "other_tutorials",
            "default_width": null
        }
    },
    {
        "pk": 139,
        "model": "cms.placeholder",
        "fields": {
            "slot": "other_tutorials2",
            "default_width": null
        }
    },
    {
        "pk": 140,
        "model": "cms.placeholder",
        "fields": {
            "slot": "sup",
            "default_width": null
        }
    },
    {
        "pk": 141,
        "model": "cms.placeholder",
        "fields": {
            "slot": "support_description",
            "default_width": null
        }
    },
    {
        "pk": 142,
        "model": "cms.placeholder",
        "fields": {
            "slot": "support_description_1",
            "default_width": null
        }
    },
    {
        "pk": 143,
        "model": "cms.placeholder",
        "fields": {
            "slot": "support_description_2",
            "default_width": null
        }
    },
    {
        "pk": 144,
        "model": "cms.placeholder",
        "fields": {
            "slot": "support_description_3",
            "default_width": null
        }
    },
    {
        "pk": 145,
        "model": "cms.placeholder",
        "fields": {
            "slot": "support_decriptin_1h",
            "default_width": null
        }
    },
    {
        "pk": 146,
        "model": "cms.placeholder",
        "fields": {
            "slot": "support_description_1p",
            "default_width": null
        }
    },
    {
        "pk": 147,
        "model": "cms.placeholder",
        "fields": {
            "slot": "support_decriptin_2h",
            "default_width": null
        }
    },
    {
        "pk": 148,
        "model": "cms.placeholder",
        "fields": {
            "slot": "support_description_2p",
            "default_width": null
        }
    },
    {
        "pk": 149,
        "model": "cms.placeholder",
        "fields": {
            "slot": "support_decriptin_3h",
            "default_width": null
        }
    },
    {
        "pk": 150,
        "model": "cms.placeholder",
        "fields": {
            "slot": "support_description_3p",
            "default_width": null
        }
    },
    {
        "pk": 151,
        "model": "cms.placeholder",
        "fields": {
            "slot": "support_title",
            "default_width": null
        }
    },
    {
        "pk": 152,
        "model": "cms.placeholder",
        "fields": {
            "slot": "support_title",
            "default_width": null
        }
    },
    {
        "pk": 153,
        "model": "cms.placeholder",
        "fields": {
            "slot": "support_decriptin_1h",
            "default_width": null
        }
    },
    {
        "pk": 154,
        "model": "cms.placeholder",
        "fields": {
            "slot": "support_description_1p",
            "default_width": null
        }
    },
    {
        "pk": 155,
        "model": "cms.placeholder",
        "fields": {
            "slot": "support_decriptin_2h",
            "default_width": null
        }
    },
    {
        "pk": 156,
        "model": "cms.placeholder",
        "fields": {
            "slot": "support_description_2p",
            "default_width": null
        }
    },
    {
        "pk": 157,
        "model": "cms.placeholder",
        "fields": {
            "slot": "support_decriptin_3h",
            "default_width": null
        }
    },
    {
        "pk": 158,
        "model": "cms.placeholder",
        "fields": {
            "slot": "support_description_3p",
            "default_width": null
        }
    },
    {
        "pk": 159,
        "model": "cms.placeholder",
        "fields": {
            "slot": "other_tutorials",
            "default_width": null
        }
    },
    {
        "pk": 168,
        "model": "cms.placeholder",
        "fields": {
            "slot": "support_title",
            "default_width": null
        }
    },
    {
        "pk": 169,
        "model": "cms.placeholder",
        "fields": {
            "slot": "support_decriptin_1h",
            "default_width": null
        }
    },
    {
        "pk": 170,
        "model": "cms.placeholder",
        "fields": {
            "slot": "support_description_1p",
            "default_width": null
        }
    },
    {
        "pk": 171,
        "model": "cms.placeholder",
        "fields": {
            "slot": "support_decriptin_2h",
            "default_width": null
        }
    },
    {
        "pk": 172,
        "model": "cms.placeholder",
        "fields": {
            "slot": "support_description_2p",
            "default_width": null
        }
    },
    {
        "pk": 173,
        "model": "cms.placeholder",
        "fields": {
            "slot": "support_decriptin_3h",
            "default_width": null
        }
    },
    {
        "pk": 174,
        "model": "cms.placeholder",
        "fields": {
            "slot": "support_description_3p",
            "default_width": null
        }
    },
    {
        "pk": 175,
        "model": "cms.placeholder",
        "fields": {
            "slot": "other_tutorials",
            "default_width": null
        }
    },
    {
        "pk": 176,
        "model": "cms.placeholder",
        "fields": {
            "slot": "product_logo",
            "default_width": null
        }
    },
    {
        "pk": 177,
        "model": "cms.placeholder",
        "fields": {
            "slot": "product_logo",
            "default_width": null
        }
    },
    {
        "pk": 178,
        "model": "cms.placeholder",
        "fields": {
            "slot": "product_logo",
            "default_width": null
        }
    },
    {
        "pk": 195,
        "model": "cms.placeholder",
        "fields": {
            "slot": "support_product",
            "default_width": null
        }
    },
    {
        "pk": 196,
        "model": "cms.placeholder",
        "fields": {
            "slot": "support_document",
            "default_width": null
        }
    },
    {
        "pk": 221,
        "model": "cms.placeholder",
        "fields": {
            "slot": "support_product",
            "default_width": null
        }
    },
    {
        "pk": 222,
        "model": "cms.placeholder",
        "fields": {
            "slot": "support_document",
            "default_width": null
        }
    },
    {
        "pk": 231,
        "model": "cms.placeholder",
        "fields": {
            "slot": "support_product",
            "default_width": null
        }
    },
    {
        "pk": 232,
        "model": "cms.placeholder",
        "fields": {
            "slot": "support_document",
            "default_width": null
        }
    },
    {
        "pk": 341,
        "model": "cms.placeholder",
        "fields": {
            "slot": "support_title",
            "default_width": null
        }
    },
    {
        "pk": 343,
        "model": "cms.placeholder",
        "fields": {
            "slot": "support_title",
            "default_width": null
        }
    },
    {
        "pk": 237,
        "model": "cms.placeholder",
        "fields": {
            "slot": "support_product",
            "default_width": null
        }
    },
    {
        "pk": 238,
        "model": "cms.placeholder",
        "fields": {
            "slot": "support_document",
            "default_width": null
        }
    },
    {
        "pk": 239,
        "model": "cms.placeholder",
        "fields": {
            "slot": "support_product",
            "default_width": null
        }
    },
    {
        "pk": 240,
        "model": "cms.placeholder",
        "fields": {
            "slot": "support_document",
            "default_width": null
        }
    },
    {
        "pk": 345,
        "model": "cms.placeholder",
        "fields": {
            "slot": "support_title",
            "default_width": null
        }
    },
    {
        "pk": 347,
        "model": "cms.placeholder",
        "fields": {
            "slot": "first",
            "default_width": null
        }
    },
    {
        "pk": 243,
        "model": "cms.placeholder",
        "fields": {
            "slot": "support_product",
            "default_width": null
        }
    },
    {
        "pk": 244,
        "model": "cms.placeholder",
        "fields": {
            "slot": "support_document",
            "default_width": null
        }
    },
    {
        "pk": 245,
        "model": "cms.placeholder",
        "fields": {
            "slot": "support_product",
            "default_width": null
        }
    },
    {
        "pk": 246,
        "model": "cms.placeholder",
        "fields": {
            "slot": "support_document",
            "default_width": null
        }
    },
    {
        "pk": 247,
        "model": "cms.placeholder",
        "fields": {
            "slot": "support_product",
            "default_width": null
        }
    },
    {
        "pk": 248,
        "model": "cms.placeholder",
        "fields": {
            "slot": "support_document",
            "default_width": null
        }
    },
    {
        "pk": 249,
        "model": "cms.placeholder",
        "fields": {
            "slot": "support_product",
            "default_width": null
        }
    },
    {
        "pk": 250,
        "model": "cms.placeholder",
        "fields": {
            "slot": "support_document",
            "default_width": null
        }
    },
    {
        "pk": 251,
        "model": "cms.placeholder",
        "fields": {
            "slot": "pgtitle",
            "default_width": null
        }
    },
    {
        "pk": 252,
        "model": "cms.placeholder",
        "fields": {
            "slot": "pgtitle",
            "default_width": null
        }
    },
    {
        "pk": 253,
        "model": "cms.placeholder",
        "fields": {
            "slot": "main_content",
            "default_width": null
        }
    },
    {
        "pk": 254,
        "model": "cms.placeholder",
        "fields": {
            "slot": "side_secondary_h",
            "default_width": null
        }
    },
    {
        "pk": 255,
        "model": "cms.placeholder",
        "fields": {
            "slot": "side_secondary_p",
            "default_width": null
        }
    },
    {
        "pk": 256,
        "model": "cms.placeholder",
        "fields": {
            "slot": "template_1_content",
            "default_width": null
        }
    },
    {
        "pk": 257,
        "model": "cms.placeholder",
        "fields": {
            "slot": "title",
            "default_width": null
        }
    },
    {
        "pk": 258,
        "model": "cms.placeholder",
        "fields": {
            "slot": "side_primary_h",
            "default_width": null
        }
    },
    {
        "pk": 259,
        "model": "cms.placeholder",
        "fields": {
            "slot": "side_primary_p",
            "default_width": null
        }
    },
    {
        "pk": 260,
        "model": "cms.placeholder",
        "fields": {
            "slot": "pgtitle",
            "default_width": null
        }
    },
    {
        "pk": 261,
        "model": "cms.placeholder",
        "fields": {
            "slot": "main_content",
            "default_width": null
        }
    },
    {
        "pk": 262,
        "model": "cms.placeholder",
        "fields": {
            "slot": "side_secondary_h",
            "default_width": null
        }
    },
    {
        "pk": 263,
        "model": "cms.placeholder",
        "fields": {
            "slot": "side_secondary_p",
            "default_width": null
        }
    },
    {
        "pk": 264,
        "model": "cms.placeholder",
        "fields": {
            "slot": "pgtitle",
            "default_width": null
        }
    },
    {
        "pk": 265,
        "model": "cms.placeholder",
        "fields": {
            "slot": "pgtitle",
            "default_width": null
        }
    },
    {
        "pk": 266,
        "model": "cms.placeholder",
        "fields": {
            "slot": "pgtitle",
            "default_width": null
        }
    },
    {
        "pk": 267,
        "model": "cms.placeholder",
        "fields": {
            "slot": "main_content",
            "default_width": null
        }
    },
    {
        "pk": 268,
        "model": "cms.placeholder",
        "fields": {
            "slot": "side_secondary_h",
            "default_width": null
        }
    },
    {
        "pk": 269,
        "model": "cms.placeholder",
        "fields": {
            "slot": "side_secondary_p",
            "default_width": null
        }
    },
    {
        "pk": 348,
        "model": "cms.placeholder",
        "fields": {
            "slot": "second",
            "default_width": null
        }
    },
    {
        "pk": 349,
        "model": "cms.placeholder",
        "fields": {
            "slot": "third",
            "default_width": null
        }
    },
    {
        "pk": 351,
        "model": "cms.placeholder",
        "fields": {
            "slot": "home_video",
            "default_width": null
        }
    },
    {
        "pk": 278,
        "model": "cms.placeholder",
        "fields": {
            "slot": "pgtitle",
            "default_width": null
        }
    },
    {
        "pk": 279,
        "model": "cms.placeholder",
        "fields": {
            "slot": "main_content",
            "default_width": null
        }
    },
    {
        "pk": 280,
        "model": "cms.placeholder",
        "fields": {
            "slot": "side_secondary_h",
            "default_width": null
        }
    },
    {
        "pk": 281,
        "model": "cms.placeholder",
        "fields": {
            "slot": "side_secondary_p",
            "default_width": null
        }
    },
    {
        "pk": 282,
        "model": "cms.placeholder",
        "fields": {
            "slot": "strapline",
            "default_width": null
        }
    },
    {
        "pk": 287,
        "model": "cms.placeholder",
        "fields": {
            "slot": "support_product",
            "default_width": null
        }
    },
    {
        "pk": 288,
        "model": "cms.placeholder",
        "fields": {
            "slot": "support_title",
            "default_width": null
        }
    },
    {
        "pk": 289,
        "model": "cms.placeholder",
        "fields": {
            "slot": "support_decriptin_1h",
            "default_width": null
        }
    },
    {
        "pk": 290,
        "model": "cms.placeholder",
        "fields": {
            "slot": "support_description_1p",
            "default_width": null
        }
    },
    {
        "pk": 291,
        "model": "cms.placeholder",
        "fields": {
            "slot": "support_decriptin_2h",
            "default_width": null
        }
    },
    {
        "pk": 292,
        "model": "cms.placeholder",
        "fields": {
            "slot": "support_description_2p",
            "default_width": null
        }
    },
    {
        "pk": 293,
        "model": "cms.placeholder",
        "fields": {
            "slot": "support_decriptin_3h",
            "default_width": null
        }
    },
    {
        "pk": 294,
        "model": "cms.placeholder",
        "fields": {
            "slot": "support_description_3p",
            "default_width": null
        }
    },
    {
        "pk": 295,
        "model": "cms.placeholder",
        "fields": {
            "slot": "other_tutorials",
            "default_width": null
        }
    },
    {
        "pk": 296,
        "model": "cms.placeholder",
        "fields": {
            "slot": "Feedback",
            "default_width": null
        }
    },
    {
        "pk": 301,
        "model": "cms.placeholder",
        "fields": {
            "slot": "img",
            "default_width": null
        }
    },
    {
        "pk": 302,
        "model": "cms.placeholder",
        "fields": {
            "slot": "test",
            "default_width": null
        }
    },
    {
        "pk": 318,
        "model": "cms.placeholder",
        "fields": {
            "slot": "support_title",
            "default_width": null
        }
    },
    {
        "pk": 319,
        "model": "cms.placeholder",
        "fields": {
            "slot": "excerpt",
            "default_width": null
        }
    },
    {
        "pk": 320,
        "model": "cms.placeholder",
        "fields": {
            "slot": "content",
            "default_width": null
        }
    },
    {
        "pk": 321,
        "model": "cms.placeholder",
        "fields": {
            "slot": "first",
            "default_width": null
        }
    },
    {
        "pk": 322,
        "model": "cms.placeholder",
        "fields": {
            "slot": "second",
            "default_width": null
        }
    },
    {
        "pk": 323,
        "model": "cms.placeholder",
        "fields": {
            "slot": "third",
            "default_width": null
        }
    },
    {
        "pk": 324,
        "model": "cms.placeholder",
        "fields": {
            "slot": "first",
            "default_width": null
        }
    },
    {
        "pk": 325,
        "model": "cms.placeholder",
        "fields": {
            "slot": "second",
            "default_width": null
        }
    },
    {
        "pk": 326,
        "model": "cms.placeholder",
        "fields": {
            "slot": "third",
            "default_width": null
        }
    },
    {
        "pk": 332,
        "model": "cms.placeholder",
        "fields": {
            "slot": "Welcome",
            "default_width": null
        }
    },
    {
        "pk": 337,
        "model": "cms.placeholder",
        "fields": {
            "slot": "support_title",
            "default_width": null
        }
    },
    {
        "pk": 338,
        "model": "cms.placeholder",
        "fields": {
            "slot": "support_title",
            "default_width": null
        }
    },
    {
        "pk": 16,
        "model": "cms.cmsplugin",
        "fields": {
            "rght": 2,
            "parent": null,
            "language": "en",
            "level": 0,
            "creation_date": "2012-05-25 11:03:32",
            "lft": 1,
            "tree_id": 8,
            "position": 1,
            "placeholder": 49,
            "plugin_type": "TextPlugin"
        }
    },
    {
        "pk": 26,
        "model": "cms.cmsplugin",
        "fields": {
            "rght": 2,
            "parent": null,
            "language": "en",
            "level": 0,
            "creation_date": "2012-05-28 09:53:56",
            "lft": 1,
            "tree_id": 12,
            "position": 0,
            "placeholder": 62,
            "plugin_type": "PicturePlugin"
        }
    },
    {
        "pk": 27,
        "model": "cms.cmsplugin",
        "fields": {
            "rght": 2,
            "parent": null,
            "language": "en",
            "level": 0,
            "creation_date": "2012-05-28 11:53:48",
            "lft": 1,
            "tree_id": 13,
            "position": 0,
            "placeholder": 63,
            "plugin_type": "TextPlugin"
        }
    },
    {
        "pk": 28,
        "model": "cms.cmsplugin",
        "fields": {
            "rght": 2,
            "parent": null,
            "language": "en",
            "level": 0,
            "creation_date": "2012-05-28 13:26:28",
            "lft": 1,
            "tree_id": 14,
            "position": 0,
            "placeholder": 92,
            "plugin_type": "TextPlugin"
        }
    },
    {
        "pk": 31,
        "model": "cms.cmsplugin",
        "fields": {
            "rght": 2,
            "parent": null,
            "language": "en",
            "level": 0,
            "creation_date": "2012-05-28 13:42:39",
            "lft": 1,
            "tree_id": 17,
            "position": 0,
            "placeholder": 102,
            "plugin_type": "TextPlugin"
        }
    },
    {
        "pk": 32,
        "model": "cms.cmsplugin",
        "fields": {
            "rght": 2,
            "parent": null,
            "language": "en",
            "level": 0,
            "creation_date": "2012-05-28 13:43:12",
            "lft": 1,
            "tree_id": 18,
            "position": 0,
            "placeholder": 103,
            "plugin_type": "TextPlugin"
        }
    },
    {
        "pk": 38,
        "model": "cms.cmsplugin",
        "fields": {
            "rght": 2,
            "parent": null,
            "language": "en",
            "level": 0,
            "creation_date": "2012-05-29 08:59:49",
            "lft": 1,
            "tree_id": 24,
            "position": 0,
            "placeholder": 107,
            "plugin_type": "TextPlugin"
        }
    },
    {
        "pk": 39,
        "model": "cms.cmsplugin",
        "fields": {
            "rght": 2,
            "parent": null,
            "language": "en",
            "level": 0,
            "creation_date": "2012-05-29 09:00:33",
            "lft": 1,
            "tree_id": 25,
            "position": 0,
            "placeholder": 109,
            "plugin_type": "TextPlugin"
        }
    },
    {
        "pk": 40,
        "model": "cms.cmsplugin",
        "fields": {
            "rght": 2,
            "parent": null,
            "language": "en",
            "level": 0,
            "creation_date": "2012-05-29 09:13:32",
            "lft": 1,
            "tree_id": 26,
            "position": 0,
            "placeholder": 105,
            "plugin_type": "TextPlugin"
        }
    },
    {
        "pk": 41,
        "model": "cms.cmsplugin",
        "fields": {
            "rght": 2,
            "parent": null,
            "language": "en",
            "level": 0,
            "creation_date": "2012-05-29 09:20:34",
            "lft": 1,
            "tree_id": 27,
            "position": 0,
            "placeholder": 100,
            "plugin_type": "TextPlugin"
        }
    },
    {
        "pk": 42,
        "model": "cms.cmsplugin",
        "fields": {
            "rght": 2,
            "parent": null,
            "language": "en",
            "level": 0,
            "creation_date": "2012-05-29 09:21:14",
            "lft": 1,
            "tree_id": 28,
            "position": 0,
            "placeholder": 124,
            "plugin_type": "TextPlugin"
        }
    },
    {
        "pk": 49,
        "model": "cms.cmsplugin",
        "fields": {
            "rght": 2,
            "parent": null,
            "language": "en",
            "level": 0,
            "creation_date": "2012-05-29 10:03:08",
            "lft": 1,
            "tree_id": 29,
            "position": 0,
            "placeholder": 123,
            "plugin_type": "PicturePlugin"
        }
    },
    {
        "pk": 58,
        "model": "cms.cmsplugin",
        "fields": {
            "rght": 8,
            "parent": null,
            "language": "en",
            "level": 0,
            "creation_date": "2012-05-29 12:12:06",
            "lft": 1,
            "tree_id": 35,
            "position": 0,
            "placeholder": 138,
            "plugin_type": "TextPlugin"
        }
    },
    {
        "pk": 64,
        "model": "cms.cmsplugin",
        "fields": {
            "rght": 3,
            "parent": 58,
            "language": "en",
            "level": 1,
            "creation_date": "2012-05-29 12:22:05",
            "lft": 2,
            "tree_id": 35,
            "position": 1,
            "placeholder": 138,
            "plugin_type": "LinkPlugin"
        }
    },
    {
        "pk": 65,
        "model": "cms.cmsplugin",
        "fields": {
            "rght": 5,
            "parent": 58,
            "language": "en",
            "level": 1,
            "creation_date": "2012-05-29 12:22:21",
            "lft": 4,
            "tree_id": 35,
            "position": 2,
            "placeholder": 138,
            "plugin_type": "LinkPlugin"
        }
    },
    {
        "pk": 62,
        "model": "cms.cmsplugin",
        "fields": {
            "rght": 2,
            "parent": null,
            "language": "en",
            "level": 0,
            "creation_date": "2012-05-29 12:17:55",
            "lft": 1,
            "tree_id": 36,
            "position": 0,
            "placeholder": 139,
            "plugin_type": "LinkPlugin"
        }
    },
    {
        "pk": 66,
        "model": "cms.cmsplugin",
        "fields": {
            "rght": 2,
            "parent": null,
            "language": "en",
            "level": 0,
            "creation_date": "2012-05-29 13:09:02",
            "lft": 1,
            "tree_id": 37,
            "position": 0,
            "placeholder": 141,
            "plugin_type": "TextPlugin"
        }
    },
    {
        "pk": 67,
        "model": "cms.cmsplugin",
        "fields": {
            "rght": 2,
            "parent": null,
            "language": "en",
            "level": 0,
            "creation_date": "2012-05-29 13:16:28",
            "lft": 1,
            "tree_id": 38,
            "position": 0,
            "placeholder": 145,
            "plugin_type": "LinkPlugin"
        }
    },
    {
        "pk": 68,
        "model": "cms.cmsplugin",
        "fields": {
            "rght": 2,
            "parent": null,
            "language": "en",
            "level": 0,
            "creation_date": "2012-05-29 13:16:51",
            "lft": 1,
            "tree_id": 39,
            "position": 0,
            "placeholder": 146,
            "plugin_type": "TextPlugin"
        }
    },
    {
        "pk": 69,
        "model": "cms.cmsplugin",
        "fields": {
            "rght": 2,
            "parent": null,
            "language": "en",
            "level": 0,
            "creation_date": "2012-05-29 13:17:31",
            "lft": 1,
            "tree_id": 40,
            "position": 0,
            "placeholder": 148,
            "plugin_type": "TextPlugin"
        }
    },
    {
        "pk": 70,
        "model": "cms.cmsplugin",
        "fields": {
            "rght": 2,
            "parent": null,
            "language": "en",
            "level": 0,
            "creation_date": "2012-05-29 13:17:40",
            "lft": 1,
            "tree_id": 41,
            "position": 0,
            "placeholder": 150,
            "plugin_type": "TextPlugin"
        }
    },
    {
        "pk": 71,
        "model": "cms.cmsplugin",
        "fields": {
            "rght": 2,
            "parent": null,
            "language": "en",
            "level": 0,
            "creation_date": "2012-05-29 13:17:59",
            "lft": 1,
            "tree_id": 42,
            "position": 0,
            "placeholder": 147,
            "plugin_type": "LinkPlugin"
        }
    },
    {
        "pk": 72,
        "model": "cms.cmsplugin",
        "fields": {
            "rght": 2,
            "parent": null,
            "language": "en",
            "level": 0,
            "creation_date": "2012-05-29 13:18:13",
            "lft": 1,
            "tree_id": 43,
            "position": 0,
            "placeholder": 149,
            "plugin_type": "LinkPlugin"
        }
    },
    {
        "pk": 73,
        "model": "cms.cmsplugin",
        "fields": {
            "rght": 2,
            "parent": null,
            "language": "en",
            "level": 0,
            "creation_date": "2012-05-29 13:26:13",
            "lft": 1,
            "tree_id": 44,
            "position": 0,
            "placeholder": 151,
            "plugin_type": "TextPlugin"
        }
    },
    {
        "pk": 75,
        "model": "cms.cmsplugin",
        "fields": {
            "rght": 2,
            "parent": null,
            "language": "en",
            "level": 0,
            "creation_date": "2012-05-29 13:33:36",
            "lft": 1,
            "tree_id": 46,
            "position": 0,
            "placeholder": 64,
            "plugin_type": "PicturePlugin"
        }
    },
    {
        "pk": 76,
        "model": "cms.cmsplugin",
        "fields": {
            "rght": 2,
            "parent": null,
            "language": "en",
            "level": 0,
            "creation_date": "2012-05-29 13:34:10",
            "lft": 1,
            "tree_id": 47,
            "position": 0,
            "placeholder": 168,
            "plugin_type": "TextPlugin"
        }
    },
    {
        "pk": 79,
        "model": "cms.cmsplugin",
        "fields": {
            "rght": 2,
            "parent": null,
            "language": "en",
            "level": 0,
            "creation_date": "2012-05-29 13:55:06",
            "lft": 1,
            "tree_id": 50,
            "position": 0,
            "placeholder": 87,
            "plugin_type": "PicturePlugin"
        }
    },
    {
        "pk": 81,
        "model": "cms.cmsplugin",
        "fields": {
            "rght": 2,
            "parent": null,
            "language": "en",
            "level": 0,
            "creation_date": "2012-05-29 16:00:37",
            "lft": 1,
            "tree_id": 51,
            "position": 0,
            "placeholder": 54,
            "plugin_type": "TextPlugin"
        }
    },
    {
        "pk": 83,
        "model": "cms.cmsplugin",
        "fields": {
            "rght": 2,
            "parent": null,
            "language": "en",
            "level": 0,
            "creation_date": "2012-05-29 16:03:15",
            "lft": 1,
            "tree_id": 52,
            "position": 0,
            "placeholder": 176,
            "plugin_type": "PicturePlugin"
        }
    },
    {
        "pk": 86,
        "model": "cms.cmsplugin",
        "fields": {
            "rght": 2,
            "parent": null,
            "language": "en",
            "level": 0,
            "creation_date": "2012-05-29 16:07:58",
            "lft": 1,
            "tree_id": 55,
            "position": 0,
            "placeholder": 178,
            "plugin_type": "PicturePlugin"
        }
    },
    {
        "pk": 87,
        "model": "cms.cmsplugin",
        "fields": {
            "rght": 2,
            "parent": null,
            "language": "en",
            "level": 0,
            "creation_date": "2012-05-29 16:08:25",
            "lft": 1,
            "tree_id": 56,
            "position": 0,
            "placeholder": 57,
            "plugin_type": "TextPlugin"
        }
    },
    {
        "pk": 138,
        "model": "cms.cmsplugin",
        "fields": {
            "rght": 2,
            "parent": null,
            "language": "en",
            "level": 0,
            "creation_date": "2012-05-31 13:16:56",
            "lft": 1,
            "tree_id": 65,
            "position": 0,
            "placeholder": 152,
            "plugin_type": "TextPlugin"
        }
    },
    {
        "pk": 139,
        "model": "cms.cmsplugin",
        "fields": {
            "rght": 2,
            "parent": null,
            "language": "en",
            "level": 0,
            "creation_date": "2012-06-14 10:21:30",
            "lft": 1,
            "tree_id": 66,
            "position": 0,
            "placeholder": 136,
            "plugin_type": "PicturePlugin"
        }
    },
    {
        "pk": 142,
        "model": "cms.cmsplugin",
        "fields": {
            "rght": 2,
            "parent": null,
            "language": "en",
            "level": 0,
            "creation_date": "2012-06-14 10:21:30",
            "lft": 1,
            "tree_id": 69,
            "position": 0,
            "placeholder": 195,
            "plugin_type": "PicturePlugin"
        }
    },
    {
        "pk": 155,
        "model": "cms.cmsplugin",
        "fields": {
            "rght": 2,
            "parent": null,
            "language": "en",
            "level": 0,
            "creation_date": "2012-06-14 10:21:30",
            "lft": 1,
            "tree_id": 78,
            "position": 0,
            "placeholder": 221,
            "plugin_type": "PicturePlugin"
        }
    },
    {
        "pk": 160,
        "model": "cms.cmsplugin",
        "fields": {
            "rght": 2,
            "parent": null,
            "language": "en",
            "level": 0,
            "creation_date": "2012-06-14 10:21:30",
            "lft": 1,
            "tree_id": 82,
            "position": 0,
            "placeholder": 231,
            "plugin_type": "PicturePlugin"
        }
    },
    {
        "pk": 163,
        "model": "cms.cmsplugin",
        "fields": {
            "rght": 2,
            "parent": null,
            "language": "en",
            "level": 0,
            "creation_date": "2012-06-14 10:21:30",
            "lft": 1,
            "tree_id": 85,
            "position": 0,
            "placeholder": 237,
            "plugin_type": "PicturePlugin"
        }
    },
    {
        "pk": 164,
        "model": "cms.cmsplugin",
        "fields": {
            "rght": 2,
            "parent": null,
            "language": "en",
            "level": 0,
            "creation_date": "2012-06-14 10:21:30",
            "lft": 1,
            "tree_id": 86,
            "position": 0,
            "placeholder": 239,
            "plugin_type": "PicturePlugin"
        }
    },
    {
        "pk": 166,
        "model": "cms.cmsplugin",
        "fields": {
            "rght": 2,
            "parent": null,
            "language": "en",
            "level": 0,
            "creation_date": "2012-06-14 10:21:30",
            "lft": 1,
            "tree_id": 87,
            "position": 0,
            "placeholder": 243,
            "plugin_type": "PicturePlugin"
        }
    },
    {
        "pk": 167,
        "model": "cms.cmsplugin",
        "fields": {
            "rght": 2,
            "parent": null,
            "language": "en",
            "level": 0,
            "creation_date": "2012-06-14 10:21:30",
            "lft": 1,
            "tree_id": 88,
            "position": 0,
            "placeholder": 245,
            "plugin_type": "PicturePlugin"
        }
    },
    {
        "pk": 168,
        "model": "cms.cmsplugin",
        "fields": {
            "rght": 2,
            "parent": null,
            "language": "en",
            "level": 0,
            "creation_date": "2012-06-14 10:21:30",
            "lft": 1,
            "tree_id": 89,
            "position": 0,
            "placeholder": 247,
            "plugin_type": "PicturePlugin"
        }
    },
    {
        "pk": 169,
        "model": "cms.cmsplugin",
        "fields": {
            "rght": 2,
            "parent": null,
            "language": "en",
            "level": 0,
            "creation_date": "2012-06-14 10:21:30",
            "lft": 1,
            "tree_id": 90,
            "position": 0,
            "placeholder": 249,
            "plugin_type": "PicturePlugin"
        }
    },
    {
        "pk": 170,
        "model": "cms.cmsplugin",
        "fields": {
            "rght": 2,
            "parent": null,
            "language": "en",
            "level": 0,
            "creation_date": "2012-05-28 13:26:28",
            "lft": 1,
            "tree_id": 91,
            "position": 0,
            "placeholder": 256,
            "plugin_type": "TextPlugin"
        }
    },
    {
        "pk": 171,
        "model": "cms.cmsplugin",
        "fields": {
            "rght": 2,
            "parent": null,
            "language": "en",
            "level": 0,
            "creation_date": "2012-05-29 09:20:34",
            "lft": 1,
            "tree_id": 92,
            "position": 0,
            "placeholder": 257,
            "plugin_type": "TextPlugin"
        }
    },
    {
        "pk": 172,
        "model": "cms.cmsplugin",
        "fields": {
            "rght": 2,
            "parent": null,
            "language": "en",
            "level": 0,
            "creation_date": "2012-05-29 09:21:14",
            "lft": 1,
            "tree_id": 93,
            "position": 0,
            "placeholder": 253,
            "plugin_type": "TextPlugin"
        }
    },
    {
        "pk": 173,
        "model": "cms.cmsplugin",
        "fields": {
            "rght": 2,
            "parent": null,
            "language": "en",
            "level": 0,
            "creation_date": "2012-07-02 10:39:31",
            "lft": 1,
            "tree_id": 94,
            "position": 0,
            "placeholder": 278,
            "plugin_type": "TextPlugin"
        }
    },
    {
        "pk": 175,
        "model": "cms.cmsplugin",
        "fields": {
            "rght": 2,
            "parent": null,
            "language": "en",
            "level": 0,
            "creation_date": "2012-07-02 10:43:19",
            "lft": 1,
            "tree_id": 95,
            "position": 0,
            "placeholder": 279,
            "plugin_type": "TextPlugin"
        }
    },
    {
        "pk": 176,
        "model": "cms.cmsplugin",
        "fields": {
            "rght": 2,
            "parent": null,
            "language": "en",
            "level": 0,
            "creation_date": "2012-07-02 11:07:06",
            "lft": 1,
            "tree_id": 96,
            "position": 0,
            "placeholder": 280,
            "plugin_type": "TextPlugin"
        }
    },
    {
        "pk": 180,
        "model": "cms.cmsplugin",
        "fields": {
            "rght": 2,
            "parent": null,
            "language": "en",
            "level": 0,
            "creation_date": "2012-07-17 11:25:43",
            "lft": 1,
            "tree_id": 99,
            "position": 0,
            "placeholder": 79,
            "plugin_type": "PicturePlugin"
        }
    },
    {
        "pk": 185,
        "model": "cms.cmsplugin",
        "fields": {
            "rght": 2,
            "parent": null,
            "language": "en",
            "level": 0,
            "creation_date": "2012-07-19 16:32:45",
            "lft": 1,
            "tree_id": 100,
            "position": 0,
            "placeholder": 61,
            "plugin_type": "FilePlugin"
        }
    },
    {
        "pk": 194,
        "model": "cms.cmsplugin",
        "fields": {
            "rght": 2,
            "parent": null,
            "language": "en",
            "level": 0,
            "creation_date": "2012-07-24 11:39:07",
            "lft": 1,
            "tree_id": 102,
            "position": 0,
            "placeholder": 318,
            "plugin_type": "TextPlugin"
        }
    },
    {
        "pk": 196,
        "model": "cms.cmsplugin",
        "fields": {
            "rght": 10,
            "parent": null,
            "language": "en",
            "level": 0,
            "creation_date": "2012-07-24 11:40:32",
            "lft": 1,
            "tree_id": 103,
            "position": 0,
            "placeholder": 137,
            "plugin_type": "TextPlugin"
        }
    },
    {
        "pk": 200,
        "model": "cms.cmsplugin",
        "fields": {
            "rght": 9,
            "parent": 196,
            "language": "en",
            "level": 1,
            "creation_date": "2012-07-24 11:46:45",
            "lft": 8,
            "tree_id": 103,
            "position": null,
            "placeholder": 137,
            "plugin_type": "PicturePlugin"
        }
    },
    {
        "pk": 201,
        "model": "cms.cmsplugin",
        "fields": {
            "rght": 2,
            "parent": null,
            "language": "en",
            "level": 0,
            "creation_date": "2012-07-24 14:33:15",
            "lft": 1,
            "tree_id": 104,
            "position": null,
            "placeholder": 319,
            "plugin_type": "TextPlugin"
        }
    },
    {
        "pk": 202,
        "model": "cms.cmsplugin",
        "fields": {
            "rght": 2,
            "parent": null,
            "language": "en",
            "level": 0,
            "creation_date": "2012-07-24 14:58:13",
            "lft": 1,
            "tree_id": 105,
            "position": null,
            "placeholder": 321,
            "plugin_type": "TextPlugin"
        }
    },
    {
        "pk": 203,
        "model": "cms.cmsplugin",
        "fields": {
            "rght": 2,
            "parent": null,
            "language": "en",
            "level": 0,
            "creation_date": "2012-07-24 14:58:28",
            "lft": 1,
            "tree_id": 106,
            "position": null,
            "placeholder": 322,
            "plugin_type": "TextPlugin"
        }
    },
    {
        "pk": 204,
        "model": "cms.cmsplugin",
        "fields": {
            "rght": 2,
            "parent": null,
            "language": "en",
            "level": 0,
            "creation_date": "2012-07-24 15:45:32",
            "lft": 1,
            "tree_id": 107,
            "position": null,
            "placeholder": 324,
            "plugin_type": "TeaserPlugin"
        }
    },
    {
        "pk": 207,
        "model": "cms.cmsplugin",
        "fields": {
            "rght": 2,
            "parent": null,
            "language": "en",
            "level": 0,
            "creation_date": "2012-07-30 14:28:02",
            "lft": 1,
            "tree_id": 108,
            "position": 0,
            "placeholder": 119,
            "plugin_type": "TextPlugin"
        }
    },
    {
        "pk": 210,
        "model": "cms.cmsplugin",
        "fields": {
            "rght": 2,
            "parent": null,
            "language": "en",
            "level": 0,
            "creation_date": "2012-07-30 15:12:39",
            "lft": 1,
            "tree_id": 109,
            "position": 0,
            "placeholder": 122,
            "plugin_type": "TextPlugin"
        }
    },
    {
        "pk": 211,
        "model": "cms.cmsplugin",
        "fields": {
            "rght": 2,
            "parent": null,
            "language": "en",
            "level": 0,
            "creation_date": "2012-07-30 15:19:05",
            "lft": 1,
            "tree_id": 110,
            "position": 1,
            "placeholder": 123,
            "plugin_type": "TextPlugin"
        }
    },
    {
        "pk": 213,
        "model": "cms.cmsplugin",
        "fields": {
            "rght": 2,
            "parent": null,
            "language": "en",
            "level": 0,
            "creation_date": "2012-07-30 16:45:41",
            "lft": 1,
            "tree_id": 111,
            "position": 0,
            "placeholder": 340,
            "plugin_type": "FilePlugin"
        }
    },
    {
        "pk": 214,
        "model": "cms.cmsplugin",
        "fields": {
            "rght": 2,
            "parent": null,
            "language": "en",
            "level": 0,
            "creation_date": "2012-07-30 16:45:48",
            "lft": 1,
            "tree_id": 112,
            "position": 1,
            "placeholder": 340,
            "plugin_type": "TextPlugin"
        }
    },
    {
        "pk": 215,
        "model": "cms.cmsplugin",
        "fields": {
            "rght": 2,
            "parent": null,
            "language": "en",
            "level": 0,
            "creation_date": "2012-07-30 16:46:53",
            "lft": 1,
            "tree_id": 113,
            "position": 0,
            "placeholder": 339,
            "plugin_type": "TextPlugin"
        }
    },
    {
        "pk": 216,
        "model": "cms.cmsplugin",
        "fields": {
            "rght": 2,
            "parent": null,
            "language": "en",
            "level": 0,
            "creation_date": "2012-07-30 16:47:30",
            "lft": 1,
            "tree_id": 114,
            "position": 2,
            "placeholder": 340,
            "plugin_type": "PicturePlugin"
        }
    },
    {
        "pk": 217,
        "model": "cms.cmsplugin",
        "fields": {
            "rght": 2,
            "parent": null,
            "language": "en",
            "level": 0,
            "creation_date": "2012-07-31 11:38:35",
            "lft": 1,
            "tree_id": 115,
            "position": null,
            "placeholder": 347,
            "plugin_type": "TextPlugin"
        }
    },
    {
        "pk": 219,
        "model": "cms.cmsplugin",
        "fields": {
            "rght": 2,
            "parent": null,
            "language": "en",
            "level": 0,
            "creation_date": "2012-07-31 16:52:30",
            "lft": 1,
            "tree_id": 116,
            "position": 0,
            "placeholder": 51,
            "plugin_type": "TextPlugin"
        }
    },
    {
        "pk": 221,
        "model": "cms.cmsplugin",
        "fields": {
            "rght": 2,
            "parent": null,
            "language": "en",
            "level": 0,
            "creation_date": "2012-07-31 16:55:32",
            "lft": 1,
            "tree_id": 118,
            "position": 1,
            "placeholder": 54,
            "plugin_type": "TextPlugin"
        }
    },
    {
        "pk": 222,
        "model": "cms.cmsplugin",
        "fields": {
            "rght": 2,
            "parent": null,
            "language": "en",
            "level": 0,
            "creation_date": "2012-08-01 09:12:33",
            "lft": 1,
            "tree_id": 119,
            "position": 0,
            "placeholder": 351,
            "plugin_type": "VideoPlugin"
        }
    },
    {
        "pk": 15,
        "model": "cms.page",
        "fields": {
            "rght": 2,
            "navigation_extenders": "",
            "site": 1,
            "creation_date": "2012-05-24 16:21:02",
            "lft": 1,
            "in_navigation": true,
            "reverse_id": "home",
            "login_required": false,
            "created_by": "sysadmin",
            "publication_end_date": null,
            "moderator_state": 0,
            "template": "home.html",
            "tree_id": 1,
            "placeholders": [
                79,
                80,
                81,
                350,
                48,
                49,
                50,
                351
            ],
            "changed_date": "2012-07-17 15:28:09",
            "limit_visibility_in_menu": null,
            "parent": null,
            "publisher_state": 1,
            "soft_root": false,
            "publication_date": "2012-05-25 13:38:04",
            "publisher_public": null,
            "level": 0,
            "changed_by": "sysadmin",
            "publisher_is_draft": true,
            "published": true
        }
    },
    {
        "pk": 16,
        "model": "cms.page",
        "fields": {
            "rght": 4,
            "navigation_extenders": "",
            "site": 1,
            "creation_date": "2012-05-24 16:21:14",
            "lft": 1,
            "in_navigation": true,
            "reverse_id": null,
            "login_required": false,
            "created_by": "sysadmin",
            "publication_end_date": null,
            "moderator_state": 1,
            "template": "product_fm.html",
            "tree_id": 2,
            "placeholders": [
                82,
                91,
                51,
                52,
                53,
                72,
                73,
                74,
                75,
                177
            ],
            "changed_date": "2012-07-17 13:48:39",
            "limit_visibility_in_menu": null,
            "parent": null,
            "publisher_state": 1,
            "soft_root": false,
            "publication_date": "2012-05-25 13:38:07",
            "publisher_public": null,
            "level": 0,
            "changed_by": "sysadmin",
            "publisher_is_draft": true,
            "published": true
        }
    },
    {
        "pk": 72,
        "model": "cms.page",
        "fields": {
            "rght": 3,
            "navigation_extenders": "",
            "site": 1,
            "creation_date": "2012-07-02 10:36:33",
            "lft": 2,
            "in_navigation": false,
            "reverse_id": null,
            "login_required": false,
            "created_by": "sysadmin",
            "publication_end_date": null,
            "moderator_state": 0,
            "template": "upgrade.html",
            "tree_id": 2,
            "placeholders": [
                278,
                279,
                280,
                281,
                282
            ],
            "changed_date": "2012-07-18 16:03:58",
            "limit_visibility_in_menu": null,
            "parent": 16,
            "publisher_state": 1,
            "soft_root": false,
            "publication_date": "2012-07-13 15:47:16",
            "publisher_public": null,
            "level": 1,
            "changed_by": "sysadmin",
            "publisher_is_draft": true,
            "published": true
        }
    },
    {
        "pk": 17,
        "model": "cms.page",
        "fields": {
            "rght": 2,
            "navigation_extenders": "",
            "site": 1,
            "creation_date": "2012-05-24 16:21:27",
            "lft": 1,
            "in_navigation": true,
            "reverse_id": null,
            "login_required": false,
            "created_by": "sysadmin",
            "publication_end_date": null,
            "moderator_state": 0,
            "template": "product_ff.html",
            "tree_id": 4,
            "placeholders": [
                90,
                54,
                55,
                56,
                176,
                296
            ],
            "changed_date": "2012-07-26 08:48:39",
            "limit_visibility_in_menu": null,
            "parent": null,
            "publisher_state": 1,
            "soft_root": false,
            "publication_date": "2012-05-25 13:38:08",
            "publisher_public": null,
            "level": 0,
            "changed_by": "sysadmin",
            "publisher_is_draft": true,
            "published": true
        }
    },
    {
        "pk": 18,
        "model": "cms.page",
        "fields": {
            "rght": 2,
            "navigation_extenders": "",
            "site": 1,
            "creation_date": "2012-05-24 16:21:35",
            "lft": 1,
            "in_navigation": false,
            "reverse_id": null,
            "login_required": false,
            "created_by": "sysadmin",
            "publication_end_date": null,
            "moderator_state": 0,
            "template": "product_fm.html",
            "tree_id": 5,
            "placeholders": [
                57,
                58,
                59,
                178
            ],
            "changed_date": "2012-07-17 11:02:16",
            "limit_visibility_in_menu": null,
            "parent": null,
            "publisher_state": 1,
            "soft_root": false,
            "publication_date": "2012-05-25 13:38:11",
            "publisher_public": null,
            "level": 0,
            "changed_by": "sysadmin",
            "publisher_is_draft": true,
            "published": false
        }
    },
    {
        "pk": 19,
        "model": "cms.page",
        "fields": {
            "rght": 26,
            "navigation_extenders": "",
            "site": 1,
            "creation_date": "2012-05-24 16:25:27",
            "lft": 1,
            "in_navigation": true,
            "reverse_id": null,
            "login_required": false,
            "created_by": "sysadmin",
            "publication_end_date": null,
            "moderator_state": 0,
            "template": "support.html",
            "tree_id": 6,
            "placeholders": [
                83,
                84,
                85,
                60,
                287,
                288,
                289,
                290,
                291,
                292,
                293,
                294,
                295
            ],
            "changed_date": "2012-07-31 16:56:26",
            "limit_visibility_in_menu": null,
            "parent": null,
            "publisher_state": 1,
            "soft_root": false,
            "publication_date": "2012-05-25 13:38:11",
            "publisher_public": null,
            "level": 0,
            "changed_by": "sysadmin",
            "publisher_is_draft": true,
            "published": true
        }
    },
    {
        "pk": 21,
        "model": "cms.page",
        "fields": {
            "rght": 9,
            "navigation_extenders": "",
            "site": 1,
            "creation_date": "2012-05-24 16:27:12",
            "lft": 2,
            "in_navigation": false,
            "reverse_id": null,
            "login_required": false,
            "created_by": "sysadmin",
            "publication_end_date": null,
            "moderator_state": 0,
            "template": "support_product.html",
            "tree_id": 6,
            "placeholders": [
                62,
                63,
                138,
                139,
                140,
                141,
                142,
                143,
                144,
                145,
                146,
                147,
                148,
                149,
                150,
                151,
                301,
                302
            ],
            "changed_date": "2012-07-19 12:02:55",
            "limit_visibility_in_menu": null,
            "parent": 19,
            "publisher_state": 1,
            "soft_root": false,
            "publication_date": "2012-05-25 13:38:12",
            "publisher_public": null,
            "level": 1,
            "changed_by": "sysadmin",
            "publisher_is_draft": true,
            "published": true
        }
    },
    {
        "pk": 37,
        "model": "cms.page",
        "fields": {
            "rght": 4,
            "navigation_extenders": "",
            "site": 1,
            "creation_date": "2012-05-29 12:03:51",
            "lft": 3,
            "in_navigation": false,
            "reverse_id": null,
            "login_required": false,
            "created_by": "sysadmin",
            "publication_end_date": null,
            "moderator_state": 0,
            "template": "support_document.html",
            "tree_id": 6,
            "placeholders": [
                136,
                137,
                318
            ],
            "changed_date": "2012-07-17 11:03:19",
            "limit_visibility_in_menu": null,
            "parent": 21,
            "publisher_state": 1,
            "soft_root": false,
            "publication_date": "2012-05-29 12:13:38",
            "publisher_public": null,
            "level": 2,
            "changed_by": "sysadmin",
            "publisher_is_draft": true,
            "published": true
        }
    },
    {
        "pk": 63,
        "model": "cms.page",
        "fields": {
            "rght": 6,
            "navigation_extenders": "",
            "site": 1,
            "creation_date": "2012-06-27 09:49:02",
            "lft": 5,
            "in_navigation": false,
            "reverse_id": null,
            "login_required": false,
            "created_by": "sysadmin",
            "publication_end_date": null,
            "moderator_state": 0,
            "template": "support_document.html",
            "tree_id": 6,
            "placeholders": [
                341,
                237,
                238
            ],
            "changed_date": "2012-07-31 08:59:47",
            "limit_visibility_in_menu": null,
            "parent": 21,
            "publisher_state": 1,
            "soft_root": false,
            "publication_date": "2012-05-29 12:13:38",
            "publisher_public": null,
            "level": 2,
            "changed_by": "sysadmin",
            "publisher_is_draft": true,
            "published": true
        }
    },
    {
        "pk": 64,
        "model": "cms.page",
        "fields": {
            "rght": 8,
            "navigation_extenders": "",
            "site": 1,
            "creation_date": "2012-06-27 09:49:10",
            "lft": 7,
            "in_navigation": false,
            "reverse_id": null,
            "login_required": false,
            "created_by": "sysadmin",
            "publication_end_date": null,
            "moderator_state": 0,
            "template": "support_document.html",
            "tree_id": 6,
            "placeholders": [
                342,
                239,
                240
            ],
            "changed_date": "2012-07-31 08:59:47",
            "limit_visibility_in_menu": null,
            "parent": 21,
            "publisher_state": 1,
            "soft_root": false,
            "publication_date": "2012-05-29 12:13:38",
            "publisher_public": null,
            "level": 2,
            "changed_by": "sysadmin",
            "publisher_is_draft": true,
            "published": true
        }
    },
    {
        "pk": 27,
        "model": "cms.page",
        "fields": {
            "rght": 17,
            "navigation_extenders": "",
            "site": 1,
            "creation_date": "2012-05-28 09:44:53",
            "lft": 10,
            "in_navigation": false,
            "reverse_id": null,
            "login_required": false,
            "created_by": "sysadmin",
            "publication_end_date": null,
            "moderator_state": 0,
            "template": "support_product.html",
            "tree_id": 6,
            "placeholders": [
                87,
                88,
                152,
                153,
                154,
                155,
                156,
                157,
                158,
                159
            ],
            "changed_date": "2012-07-17 11:03:54",
            "limit_visibility_in_menu": null,
            "parent": 19,
            "publisher_state": 1,
            "soft_root": false,
            "publication_date": "2012-05-28 09:45:12",
            "publisher_public": null,
            "level": 1,
            "changed_by": "sysadmin",
            "publisher_is_draft": true,
            "published": true
        }
    },
    {
        "pk": 66,
        "model": "cms.page",
        "fields": {
            "rght": 12,
            "navigation_extenders": "",
            "site": 1,
            "creation_date": "2012-06-27 09:54:14",
            "lft": 11,
            "in_navigation": false,
            "reverse_id": null,
            "login_required": false,
            "created_by": "sysadmin",
            "publication_end_date": null,
            "moderator_state": 0,
            "template": "support_document.html",
            "tree_id": 6,
            "placeholders": [
                243,
                244,
                337
            ],
            "changed_date": "2012-07-30 16:12:17",
            "limit_visibility_in_menu": null,
            "parent": 27,
            "publisher_state": 1,
            "soft_root": false,
            "publication_date": "2012-05-29 12:13:38",
            "publisher_public": null,
            "level": 2,
            "changed_by": "sysadmin",
            "publisher_is_draft": true,
            "published": true
        }
    },
    {
        "pk": 67,
        "model": "cms.page",
        "fields": {
            "rght": 14,
            "navigation_extenders": "",
            "site": 1,
            "creation_date": "2012-06-27 09:54:18",
            "lft": 13,
            "in_navigation": false,
            "reverse_id": null,
            "login_required": false,
            "created_by": "sysadmin",
            "publication_end_date": null,
            "moderator_state": 0,
            "template": "support_document.html",
            "tree_id": 6,
            "placeholders": [
                343,
                245,
                246
            ],
            "changed_date": "2012-07-31 08:59:52",
            "limit_visibility_in_menu": null,
            "parent": 27,
            "publisher_state": 1,
            "soft_root": false,
            "publication_date": "2012-05-29 12:13:38",
            "publisher_public": null,
            "level": 2,
            "changed_by": "sysadmin",
            "publisher_is_draft": true,
            "published": true
        }
    },
    {
        "pk": 55,
        "model": "cms.page",
        "fields": {
            "rght": 16,
            "navigation_extenders": "",
            "site": 1,
            "creation_date": "2012-06-26 12:34:58",
            "lft": 15,
            "in_navigation": false,
            "reverse_id": null,
            "login_required": false,
            "created_by": "sysadmin",
            "publication_end_date": null,
            "moderator_state": 0,
            "template": "support_document.html",
            "tree_id": 6,
            "placeholders": [
                344,
                221,
                222
            ],
            "changed_date": "2012-07-31 08:59:52",
            "limit_visibility_in_menu": null,
            "parent": 27,
            "publisher_state": 1,
            "soft_root": false,
            "publication_date": "2012-05-29 12:13:38",
            "publisher_public": null,
            "level": 2,
            "changed_by": "sysadmin",
            "publisher_is_draft": true,
            "published": true
        }
    },
    {
        "pk": 22,
        "model": "cms.page",
        "fields": {
            "rght": 25,
            "navigation_extenders": "",
            "site": 1,
            "creation_date": "2012-05-24 16:29:25",
            "lft": 18,
            "in_navigation": false,
            "reverse_id": null,
            "login_required": false,
            "created_by": "sysadmin",
            "publication_end_date": null,
            "moderator_state": 0,
            "template": "support_product.html",
            "tree_id": 6,
            "placeholders": [
                64,
                65,
                168,
                169,
                170,
                171,
                172,
                173,
                174,
                175
            ],
            "changed_date": "2012-07-26 08:50:00",
            "limit_visibility_in_menu": null,
            "parent": 19,
            "publisher_state": 1,
            "soft_root": false,
            "publication_date": "2012-05-28 09:44:37",
            "publisher_public": null,
            "level": 1,
            "changed_by": "sysadmin",
            "publisher_is_draft": true,
            "published": true
        }
    },
    {
        "pk": 60,
        "model": "cms.page",
        "fields": {
            "rght": 20,
            "navigation_extenders": "",
            "site": 1,
            "creation_date": "2012-06-26 12:36:43",
            "lft": 19,
            "in_navigation": false,
            "reverse_id": null,
            "login_required": false,
            "created_by": "sysadmin",
            "publication_end_date": null,
            "moderator_state": 0,
            "template": "support_document.html",
            "tree_id": 6,
            "placeholders": [
                231,
                232,
                338
            ],
            "changed_date": "2012-07-30 16:12:42",
            "limit_visibility_in_menu": null,
            "parent": 22,
            "publisher_state": 1,
            "soft_root": false,
            "publication_date": "2012-05-29 12:13:38",
            "publisher_public": null,
            "level": 2,
            "changed_by": "sysadmin",
            "publisher_is_draft": true,
            "published": true
        }
    },
    {
        "pk": 68,
        "model": "cms.page",
        "fields": {
            "rght": 22,
            "navigation_extenders": "",
            "site": 1,
            "creation_date": "2012-06-27 09:56:25",
            "lft": 21,
            "in_navigation": false,
            "reverse_id": null,
            "login_required": false,
            "created_by": "sysadmin",
            "publication_end_date": null,
            "moderator_state": 0,
            "template": "support_document.html",
            "tree_id": 6,
            "placeholders": [
                345,
                247,
                248
            ],
            "changed_date": "2012-07-31 08:59:58",
            "limit_visibility_in_menu": null,
            "parent": 22,
            "publisher_state": 1,
            "soft_root": false,
            "publication_date": "2012-05-29 12:13:38",
            "publisher_public": null,
            "level": 2,
            "changed_by": "sysadmin",
            "publisher_is_draft": true,
            "published": true
        }
    },
    {
        "pk": 69,
        "model": "cms.page",
        "fields": {
            "rght": 24,
            "navigation_extenders": "",
            "site": 1,
            "creation_date": "2012-06-27 09:56:29",
            "lft": 23,
            "in_navigation": false,
            "reverse_id": null,
            "login_required": false,
            "created_by": "sysadmin",
            "publication_end_date": null,
            "moderator_state": 0,
            "template": "support_document.html",
            "tree_id": 6,
            "placeholders": [
                346,
                249,
                250
            ],
            "changed_date": "2012-07-31 09:00:00",
            "limit_visibility_in_menu": null,
            "parent": 22,
            "publisher_state": 1,
            "soft_root": false,
            "publication_date": "2012-05-29 12:13:38",
            "publisher_public": null,
            "level": 2,
            "changed_by": "sysadmin",
            "publisher_is_draft": true,
            "published": true
        }
    },
    {
        "pk": 20,
        "model": "cms.page",
        "fields": {
            "rght": 4,
            "navigation_extenders": "",
            "site": 1,
            "creation_date": "2012-05-24 16:25:48",
            "lft": 1,
            "in_navigation": true,
            "reverse_id": null,
            "login_required": false,
            "created_by": "sysadmin",
            "publication_end_date": null,
            "moderator_state": 0,
            "template": "contact.html",
            "tree_id": 9,
            "placeholders": [
                61
            ],
            "changed_date": "2012-07-23 16:50:55",
            "limit_visibility_in_menu": null,
            "parent": null,
            "publisher_state": 1,
            "soft_root": false,
            "publication_date": "2012-05-25 13:38:16",
            "publisher_public": null,
            "level": 0,
            "changed_by": "sysadmin",
            "publisher_is_draft": true,
            "published": true
        }
    },
    {
        "pk": 77,
        "model": "cms.page",
        "fields": {
            "rght": 3,
            "navigation_extenders": "",
            "site": 1,
            "creation_date": "2012-07-26 09:11:58",
            "lft": 2,
            "in_navigation": false,
            "reverse_id": null,
            "login_required": false,
            "created_by": "sysadmin",
            "publication_end_date": null,
            "moderator_state": 0,
            "template": "contact2.html",
            "tree_id": 9,
            "placeholders": [
                332
            ],
            "changed_date": "2012-07-26 09:13:12",
            "limit_visibility_in_menu": null,
            "parent": 20,
            "publisher_state": 1,
            "soft_root": false,
            "publication_date": "2012-07-26 09:13:12",
            "publisher_public": null,
            "level": 1,
            "changed_by": "sysadmin",
            "publisher_is_draft": true,
            "published": true
        }
    },
    {
        "pk": 26,
        "model": "cms.page",
        "fields": {
            "rght": 2,
            "navigation_extenders": "",
            "site": 1,
            "creation_date": "2012-05-25 13:58:34",
            "lft": 1,
            "in_navigation": false,
            "reverse_id": null,
            "login_required": false,
            "created_by": "sysadmin",
            "publication_end_date": null,
            "moderator_state": 0,
            "template": "login.html",
            "tree_id": 12,
            "placeholders": [
                89
            ],
            "changed_date": "2012-05-30 16:47:41",
            "limit_visibility_in_menu": null,
            "parent": null,
            "publisher_state": 1,
            "soft_root": false,
            "publication_date": "2012-05-25 14:01:32",
            "publisher_public": null,
            "level": 0,
            "changed_by": "sysadmin",
            "publisher_is_draft": true,
            "published": false
        }
    },
    {
        "pk": 70,
        "model": "cms.page",
        "fields": {
            "rght": 2,
            "navigation_extenders": "",
            "site": 1,
            "creation_date": "2012-06-27 10:00:07",
            "lft": 1,
            "in_navigation": false,
            "reverse_id": null,
            "login_required": false,
            "created_by": "sysadmin",
            "publication_end_date": null,
            "moderator_state": 0,
            "template": "misc.html",
            "tree_id": 13,
            "placeholders": [
                252,
                253,
                254,
                255,
                256,
                257,
                258,
                259
            ],
            "changed_date": "2012-07-17 11:06:02",
            "limit_visibility_in_menu": null,
            "parent": null,
            "publisher_state": 1,
            "soft_root": false,
            "publication_date": "2012-05-28 14:18:04",
            "publisher_public": null,
            "level": 0,
            "changed_by": "sysadmin",
            "publisher_is_draft": true,
            "published": true
        }
    },
    {
        "pk": 28,
        "model": "cms.page",
        "fields": {
            "rght": 2,
            "navigation_extenders": "",
            "site": 1,
            "creation_date": "2012-05-28 13:24:39",
            "lft": 1,
            "in_navigation": false,
            "reverse_id": null,
            "login_required": false,
            "created_by": "sysadmin",
            "publication_end_date": null,
            "moderator_state": 0,
            "template": "misc.html",
            "tree_id": 14,
            "placeholders": [
                92,
                100,
                124,
                125,
                126,
                127,
                128,
                251
            ],
            "changed_date": "2012-07-17 11:06:17",
            "limit_visibility_in_menu": null,
            "parent": null,
            "publisher_state": 1,
            "soft_root": false,
            "publication_date": "2012-05-28 14:18:04",
            "publisher_public": null,
            "level": 0,
            "changed_by": "sysadmin",
            "publisher_is_draft": true,
            "published": true
        }
    },
    {
        "pk": 30,
        "model": "cms.page",
        "fields": {
            "rght": 2,
            "navigation_extenders": "",
            "site": 1,
            "creation_date": "2012-05-28 13:24:57",
            "lft": 1,
            "in_navigation": false,
            "reverse_id": null,
            "login_required": false,
            "created_by": "sysadmin",
            "publication_end_date": null,
            "moderator_state": 0,
            "template": "misc.html",
            "tree_id": 16,
            "placeholders": [
                94,
                102,
                260,
                261,
                262,
                263
            ],
            "changed_date": "2012-07-17 11:06:30",
            "limit_visibility_in_menu": null,
            "parent": null,
            "publisher_state": 1,
            "soft_root": false,
            "publication_date": "2012-05-28 14:18:01",
            "publisher_public": null,
            "level": 0,
            "changed_by": "sysadmin",
            "publisher_is_draft": true,
            "published": true
        }
    },
    {
        "pk": 31,
        "model": "cms.page",
        "fields": {
            "rght": 2,
            "navigation_extenders": "",
            "site": 1,
            "creation_date": "2012-05-28 13:25:07",
            "lft": 1,
            "in_navigation": false,
            "reverse_id": null,
            "login_required": false,
            "created_by": "sysadmin",
            "publication_end_date": null,
            "moderator_state": 0,
            "template": "misc.html",
            "tree_id": 17,
            "placeholders": [
                95,
                103,
                266,
                267,
                268,
                269
            ],
            "changed_date": "2012-07-17 11:06:53",
            "limit_visibility_in_menu": null,
            "parent": null,
            "publisher_state": 1,
            "soft_root": false,
            "publication_date": "2012-05-28 14:18:00",
            "publisher_public": null,
            "level": 0,
            "changed_by": "sysadmin",
            "publisher_is_draft": true,
            "published": true
        }
    },
    {
        "pk": 33,
        "model": "cms.page",
        "fields": {
            "rght": 2,
            "navigation_extenders": "",
            "site": 1,
            "creation_date": "2012-05-28 13:25:36",
            "lft": 1,
            "in_navigation": false,
            "reverse_id": null,
            "login_required": false,
            "created_by": "sysadmin",
            "publication_end_date": null,
            "moderator_state": 0,
            "template": "newsletter.html",
            "tree_id": 19,
            "placeholders": [
                97,
                105,
                119,
                120,
                121,
                122,
                123,
                264
            ],
            "changed_date": "2012-07-30 13:44:35",
            "limit_visibility_in_menu": null,
            "parent": null,
            "publisher_state": 1,
            "soft_root": false,
            "publication_date": "2012-05-28 14:17:58",
            "publisher_public": null,
            "level": 0,
            "changed_by": "sysadmin",
            "publisher_is_draft": true,
            "published": true
        }
    },
    {
        "pk": 35,
        "model": "cms.page",
        "fields": {
            "rght": 2,
            "navigation_extenders": "",
            "site": 1,
            "creation_date": "2012-05-28 13:26:01",
            "lft": 1,
            "in_navigation": false,
            "reverse_id": null,
            "login_required": false,
            "created_by": "sysadmin",
            "publication_end_date": null,
            "moderator_state": 0,
            "template": "misc.html",
            "tree_id": 21,
            "placeholders": [
                99,
                107,
                108,
                109,
                110,
                111,
                112,
                113,
                114,
                115,
                116,
                117,
                118,
                265
            ],
            "changed_date": "2012-07-17 11:07:23",
            "limit_visibility_in_menu": null,
            "parent": null,
            "publisher_state": 1,
            "soft_root": false,
            "publication_date": "2012-05-28 14:17:56",
            "publisher_public": null,
            "level": 0,
            "changed_by": "sysadmin",
            "publisher_is_draft": true,
            "published": true
        }
    },
    {
        "pk": 78,
        "model": "cms.page",
        "fields": {
            "rght": 2,
            "navigation_extenders": "",
            "site": 1,
            "creation_date": "2012-07-30 16:45:18",
            "lft": 1,
            "in_navigation": false,
            "reverse_id": null,
            "login_required": false,
            "created_by": "sysadmin",
            "publication_end_date": null,
            "moderator_state": 0,
            "template": "about.html",
            "tree_id": 24,
            "placeholders": [
                339,
                340
            ],
            "changed_date": "2012-07-30 16:45:22",
            "limit_visibility_in_menu": null,
            "parent": null,
            "publisher_state": 1,
            "soft_root": false,
            "publication_date": "2012-07-30 16:45:22",
            "publisher_public": null,
            "level": 0,
            "changed_by": "sysadmin",
            "publisher_is_draft": true,
            "published": true
        }
    },
    {
        "pk": 79,
        "model": "cms.page",
        "fields": {
            "rght": 2,
            "navigation_extenders": "",
            "site": 1,
            "creation_date": "2012-08-01 09:51:55",
            "lft": 1,
            "in_navigation": false,
            "reverse_id": null,
            "login_required": false,
            "created_by": "sysadmin",
            "publication_end_date": null,
            "moderator_state": 0,
            "template": "cmsplugin_blog_base.html",
            "tree_id": 25,
            "placeholders": [],
            "changed_date": "2012-08-01 10:38:56",
            "limit_visibility_in_menu": null,
            "parent": null,
            "publisher_state": 1,
            "soft_root": false,
            "publication_date": "2012-08-01 10:10:07",
            "publisher_public": null,
            "level": 0,
            "changed_by": "sysadmin",
            "publisher_is_draft": true,
            "published": true
        }
    },
    {
        "pk": 24,
        "model": "cms.pagemoderatorstate",
        "fields": {
            "action": "CHA",
            "message": "Page was copied.",
            "created": "2012-06-27 09:49:02",
            "page": 63,
            "user": 1
        }
    },
    {
        "pk": 25,
        "model": "cms.pagemoderatorstate",
        "fields": {
            "action": "CHA",
            "message": "Page was copied.",
            "created": "2012-06-27 09:49:10",
            "page": 64,
            "user": 1
        }
    },
    {
        "pk": 27,
        "model": "cms.pagemoderatorstate",
        "fields": {
            "action": "CHA",
            "message": "Page was copied.",
            "created": "2012-06-27 09:54:14",
            "page": 66,
            "user": 1
        }
    },
    {
        "pk": 28,
        "model": "cms.pagemoderatorstate",
        "fields": {
            "action": "CHA",
            "message": "Page was copied.",
            "created": "2012-06-27 09:54:18",
            "page": 67,
            "user": 1
        }
    },
    {
        "pk": 16,
        "model": "cms.pagemoderatorstate",
        "fields": {
            "action": "CHA",
            "message": "Page was copied.",
            "created": "2012-06-26 12:34:58",
            "page": 55,
            "user": 1
        }
    },
    {
        "pk": 21,
        "model": "cms.pagemoderatorstate",
        "fields": {
            "action": "CHA",
            "message": "Page was copied.",
            "created": "2012-06-26 12:36:43",
            "page": 60,
            "user": 1
        }
    },
    {
        "pk": 29,
        "model": "cms.pagemoderatorstate",
        "fields": {
            "action": "CHA",
            "message": "Page was copied.",
            "created": "2012-06-27 09:56:25",
            "page": 68,
            "user": 1
        }
    },
    {
        "pk": 30,
        "model": "cms.pagemoderatorstate",
        "fields": {
            "action": "CHA",
            "message": "Page was copied.",
            "created": "2012-06-27 09:56:29",
            "page": 69,
            "user": 1
        }
    },
    {
        "pk": 31,
        "model": "cms.pagemoderatorstate",
        "fields": {
            "action": "CHA",
            "message": "Page was copied.",
            "created": "2012-06-27 10:00:07",
            "page": 70,
            "user": 1
        }
    },
    {
        "pk": 18,
        "model": "cms.title",
        "fields": {
            "menu_title": "",
            "redirect": "",
            "meta_keywords": "",
            "page_title": "Pebble - Fund Tracker",
            "language": "en",
            "title": "Fund Tracker",
            "has_url_overwrite": false,
            "application_urls": "",
            "creation_date": "2012-05-24 16:21:35",
            "page": 18,
            "path": "ft",
            "meta_description": "",
            "slug": "ft"
        }
    },
    {
        "pk": 64,
        "model": "cms.title",
        "fields": {
            "menu_title": "",
            "redirect": "",
            "meta_keywords": "fm support, fm support,fmsupport, fund manager supprot, fundmanager support",
            "page_title": "Pebble - Support FM - Guide",
            "language": "en",
            "title": "guide",
            "has_url_overwrite": false,
            "application_urls": "",
            "creation_date": "2012-05-29 12:03:51",
            "page": 64,
            "path": "support/fm/guide-copy-2",
            "meta_description": "",
            "slug": "guide-copy-2"
        }
    },
    {
        "pk": 27,
        "model": "cms.title",
        "fields": {
            "menu_title": "",
            "redirect": "",
            "meta_keywords": "sfmv7 support, sfm, fmv7, sfm suport, sfmsupport, support",
            "page_title": "Pebble - Support SFM",
            "language": "en",
            "title": "sfm7",
            "has_url_overwrite": false,
            "application_urls": "",
            "creation_date": "2012-05-28 09:44:53",
            "page": 27,
            "path": "support/sfm7",
            "meta_description": "",
            "slug": "sfm7"
        }
    },
    {
        "pk": 66,
        "model": "cms.title",
        "fields": {
            "menu_title": "",
            "redirect": "",
            "meta_keywords": "fm suport, fmsupport, support",
            "page_title": "Pebble - Support SFM - Guide",
            "language": "en",
            "title": "guide",
            "has_url_overwrite": false,
            "application_urls": "",
            "creation_date": "2012-05-29 12:03:51",
            "page": 66,
            "path": "support/sfm7/guide",
            "meta_description": "",
            "slug": "guide"
        }
    },
    {
        "pk": 67,
        "model": "cms.title",
        "fields": {
            "menu_title": "",
            "redirect": "",
            "meta_keywords": "fm suport, fmsupport, support",
            "page_title": "Pebble - Support SFM - Guide",
            "language": "en",
            "title": "guide",
            "has_url_overwrite": false,
            "application_urls": "",
            "creation_date": "2012-05-29 12:03:51",
            "page": 67,
            "path": "support/sfm7/guide-copy-9",
            "meta_description": "",
            "slug": "guide-copy-9"
        }
    },
    {
        "pk": 55,
        "model": "cms.title",
        "fields": {
            "menu_title": "",
            "redirect": "",
            "meta_keywords": "fm suport, fmsupport, support",
            "page_title": "Pebble - Support SFM - Guide",
            "language": "en",
            "title": "guide",
            "has_url_overwrite": false,
            "application_urls": "",
            "creation_date": "2012-05-29 12:03:51",
            "page": 55,
            "path": "support/sfm7/guide-copy-7",
            "meta_description": "",
            "slug": "guide-copy-7"
        }
    },
    {
        "pk": 15,
        "model": "cms.title",
        "fields": {
            "menu_title": "",
            "redirect": "",
            "meta_keywords": "mypebble homepage, my pebble hompage, my pebble index, home",
            "page_title": "Pebble Home Page",
            "language": "en",
            "title": "Home",
            "has_url_overwrite": true,
            "application_urls": "",
            "creation_date": "2012-05-24 16:21:02",
            "page": 15,
            "path": "home",
            "meta_description": "",
            "slug": "home"
        }
    },
    {
        "pk": 70,
        "model": "cms.title",
        "fields": {
            "menu_title": "",
            "redirect": "",
            "meta_keywords": "privacy policy",
            "page_title": "Pebble privacy policy",
            "language": "en",
            "title": "privacy",
            "has_url_overwrite": false,
            "application_urls": "",
            "creation_date": "2012-05-28 13:24:39",
            "page": 70,
            "path": "privacy",
            "meta_description": "",
            "slug": "privacy"
        }
    },
    {
        "pk": 28,
        "model": "cms.title",
        "fields": {
            "menu_title": "",
            "redirect": "",
            "meta_keywords": "security policy",
            "page_title": "Pebble security policy",
            "language": "en",
            "title": "security",
            "has_url_overwrite": false,
            "application_urls": "",
            "creation_date": "2012-05-28 13:24:39",
            "page": 28,
            "path": "security",
            "meta_description": "",
            "slug": "security"
        }
    },
    {
        "pk": 30,
        "model": "cms.title",
        "fields": {
            "menu_title": "",
            "redirect": "",
            "meta_keywords": "terms and conditions, t&c",
            "page_title": "Pebble terms and conditions",
            "language": "en",
            "title": "terms",
            "has_url_overwrite": false,
            "application_urls": "",
            "creation_date": "2012-05-28 13:24:57",
            "page": 30,
            "path": "terms",
            "meta_description": "",
            "slug": "terms"
        }
    },
    {
        "pk": 22,
        "model": "cms.title",
        "fields": {
            "menu_title": "",
            "redirect": "",
            "meta_keywords": "ff suport, ffsupport, support, sff support, sffsupport",
            "page_title": "Pebble - Support SFF",
            "language": "en",
            "title": "sff",
            "has_url_overwrite": false,
            "application_urls": "",
            "creation_date": "2012-05-24 16:29:25",
            "page": 22,
            "path": "support/sff",
            "meta_description": "",
            "slug": "sff"
        }
    },
    {
        "pk": 16,
        "model": "cms.title",
        "fields": {
            "menu_title": "",
            "redirect": "",
            "meta_keywords": "fund manager, school fund manager, v8, fund manager v8, v8, cloud hosted,  ",
            "page_title": "Pebble - Fund Manager",
            "language": "en",
            "title": "Fund Manager",
            "has_url_overwrite": false,
            "application_urls": "",
            "creation_date": "2012-05-24 16:21:14",
            "page": 16,
            "path": "fm",
            "meta_description": "",
            "slug": "fm"
        }
    },
    {
        "pk": 19,
        "model": "cms.title",
        "fields": {
            "menu_title": "",
            "redirect": "",
            "meta_keywords": "support, pebble support, fund manager support, fund finder support, school fund finder support, fund manager v7, fund manager, fund manager v8 support, FM, FM support, SFM, SFM supprt, FMv8 suooirt, FMv8",
            "page_title": "Peble - Support",
            "language": "en",
            "title": "Support",
            "has_url_overwrite": false,
            "application_urls": "",
            "creation_date": "2012-05-24 16:25:27",
            "page": 19,
            "path": "support",
            "meta_description": "",
            "slug": "support"
        }
    },
    {
        "pk": 31,
        "model": "cms.title",
        "fields": {
            "menu_title": "",
            "redirect": "",
            "meta_keywords": "Accessibility",
            "page_title": "Pebble Accessibility",
            "language": "en",
            "title": "accessibility",
            "has_url_overwrite": false,
            "application_urls": "",
            "creation_date": "2012-05-28 13:25:07",
            "page": 31,
            "path": "accessibility",
            "meta_description": "",
            "slug": "accessibility"
        }
    },
    {
        "pk": 33,
        "model": "cms.title",
        "fields": {
            "menu_title": "",
            "redirect": "",
            "meta_keywords": "Newsletter, pebble newsletter",
            "page_title": "Pebble Newsletter",
            "language": "en",
            "title": "newsletter",
            "has_url_overwrite": false,
            "application_urls": "",
            "creation_date": "2012-05-28 13:25:36",
            "page": 33,
            "path": "newsletter",
            "meta_description": "",
            "slug": "newsletter"
        }
    },
    {
        "pk": 20,
        "model": "cms.title",
        "fields": {
            "menu_title": "",
            "redirect": "",
            "meta_keywords": "contact pebble, contact, enquiries, enquiry, fm enquiry, sfm enquiry, sff enquiry, ff enquiry",
            "page_title": "Pebble - Contact ",
            "language": "en",
            "title": "Enquiries",
            "has_url_overwrite": false,
            "application_urls": "",
            "creation_date": "2012-05-24 16:25:48",
            "page": 20,
            "path": "enquiries",
            "meta_description": "",
            "slug": "enquiries"
        }
    },
    {
        "pk": 60,
        "model": "cms.title",
        "fields": {
            "menu_title": "",
            "redirect": "",
            "meta_keywords": "",
            "page_title": "Pebble - Support FF - Guide",
            "language": "en",
            "title": "guide",
            "has_url_overwrite": false,
            "application_urls": "",
            "creation_date": "2012-05-29 12:03:51",
            "page": 60,
            "path": "support/sff/guide",
            "meta_description": "",
            "slug": "guide"
        }
    },
    {
        "pk": 35,
        "model": "cms.title",
        "fields": {
            "menu_title": "",
            "redirect": "",
            "meta_keywords": "Development",
            "page_title": "Pebble Development",
            "language": "en",
            "title": "development",
            "has_url_overwrite": false,
            "application_urls": "",
            "creation_date": "2012-05-28 13:26:01",
            "page": 35,
            "path": "development",
            "meta_description": "",
            "slug": "development"
        }
    },
    {
        "pk": 26,
        "model": "cms.title",
        "fields": {
            "menu_title": null,
            "redirect": null,
            "meta_keywords": null,
            "page_title": null,
            "language": "en",
            "title": "Login",
            "has_url_overwrite": false,
            "application_urls": null,
            "creation_date": "2012-05-25 13:58:34",
            "page": 26,
            "path": "login",
            "meta_description": null,
            "slug": "login"
        }
    },
    {
        "pk": 68,
        "model": "cms.title",
        "fields": {
            "menu_title": "",
            "redirect": "",
            "meta_keywords": "",
            "page_title": "Pebble - Support FF - Guide",
            "language": "en",
            "title": "guide",
            "has_url_overwrite": false,
            "application_urls": "",
            "creation_date": "2012-05-29 12:03:51",
            "page": 68,
            "path": "support/sff/guide-copy-1",
            "meta_description": "",
            "slug": "guide-copy-1"
        }
    },
    {
        "pk": 69,
        "model": "cms.title",
        "fields": {
            "menu_title": "",
            "redirect": "",
            "meta_keywords": "",
            "page_title": "Pebble - Support FF - Guide",
            "language": "en",
            "title": "guide",
            "has_url_overwrite": false,
            "application_urls": "",
            "creation_date": "2012-05-29 12:03:51",
            "page": 69,
            "path": "support/sff/guide-copy-2",
            "meta_description": "",
            "slug": "guide-copy-2"
        }
    },
    {
        "pk": 72,
        "model": "cms.title",
        "fields": {
            "menu_title": "",
            "redirect": "",
            "meta_keywords": "",
            "page_title": "Pebble - Upgrade to FM",
            "language": "en",
            "title": "upgrade",
            "has_url_overwrite": false,
            "application_urls": "",
            "creation_date": "2012-07-02 10:36:33",
            "page": 72,
            "path": "fm/upgrade",
            "meta_description": "",
            "slug": "upgrade"
        }
    },
    {
        "pk": 17,
        "model": "cms.title",
        "fields": {
            "menu_title": "",
            "redirect": "",
            "meta_keywords": "school fund, school fund finder, fund finder, grant search, school grant serch, free grants, schools",
            "page_title": "Pebble - School Fund Finder",
            "language": "en",
            "title": "School Fund Finder",
            "has_url_overwrite": false,
            "application_urls": "",
            "creation_date": "2012-05-24 16:21:27",
            "page": 17,
            "path": "sff",
            "meta_description": "",
            "slug": "sff"
        }
    },
    {
        "pk": 79,
        "model": "cms.title",
        "fields": {
            "menu_title": "",
            "redirect": "",
            "meta_keywords": "",
            "page_title": "",
            "language": "en",
            "title": "blog",
            "has_url_overwrite": false,
            "application_urls": "",
            "creation_date": "2012-08-01 09:51:55",
            "page": 79,
            "path": "blog",
            "meta_description": "",
            "slug": "blog"
        }
    },
    {
        "pk": 77,
        "model": "cms.title",
        "fields": {
            "menu_title": "",
            "redirect": "",
            "meta_keywords": "",
            "page_title": "",
            "language": "en",
            "title": "Demo",
            "has_url_overwrite": false,
            "application_urls": "",
            "creation_date": "2012-07-26 09:11:58",
            "page": 77,
            "path": "enquiries/demo",
            "meta_description": "",
            "slug": "demo"
        }
    },
    {
        "pk": 78,
        "model": "cms.title",
        "fields": {
            "menu_title": null,
            "redirect": null,
            "meta_keywords": null,
            "page_title": null,
            "language": "en",
            "title": "about",
            "has_url_overwrite": false,
            "application_urls": null,
            "creation_date": "2012-07-30 16:45:18",
            "page": 78,
            "path": "about",
            "meta_description": null,
            "slug": "about"
        }
    },
    {
        "pk": 21,
        "model": "cms.title",
        "fields": {
            "menu_title": "",
            "redirect": "",
            "meta_keywords": "fm suport, fmsupport, support",
            "page_title": "Pebble - Support FM",
            "language": "en",
            "title": "fm",
            "has_url_overwrite": false,
            "application_urls": "",
            "creation_date": "2012-05-24 16:27:12",
            "page": 21,
            "path": "support/fm",
            "meta_description": "",
            "slug": "fm"
        }
    },
    {
        "pk": 37,
        "model": "cms.title",
        "fields": {
            "menu_title": "",
            "redirect": "",
            "meta_keywords": "fm support, fm support,fmsupport, fund manager supprot, fundmanager support",
            "page_title": "Pebble - Support FM - Guide",
            "language": "en",
            "title": "guide",
            "has_url_overwrite": false,
            "application_urls": "",
            "creation_date": "2012-05-29 12:03:51",
            "page": 37,
            "path": "support/fm/guide",
            "meta_description": "",
            "slug": "guide"
        }
    },
    {
        "pk": 63,
        "model": "cms.title",
        "fields": {
            "menu_title": "",
            "redirect": "",
            "meta_keywords": "fm support, fm support,fmsupport, fund manager supprot, fundmanager support",
            "page_title": "Pebble - Support FM - Guide",
            "language": "en",
            "title": "guide",
            "has_url_overwrite": false,
            "application_urls": "",
            "creation_date": "2012-05-29 12:03:51",
            "page": 63,
            "path": "support/fm/guide-copy",
            "meta_description": "",
            "slug": "guide-copy"
        }
    },
    {
        "pk": 1,
        "model": "sites.site",
        "fields": {
            "domain": "mypebble.co.uk",
            "name": "mypebble.co.uk"
        }
    },
    {
        "pk": 2,
        "model": "forms.formentry",
        "fields": {
            "entry_time": "2012-07-23 15:00:12",
            "form": 9
        }
    },
    {
        "pk": 3,
        "model": "forms.formentry",
        "fields": {
            "entry_time": "2012-07-23 15:02:31",
            "form": 9
        }
    },
    {
        "pk": 4,
        "model": "forms.formentry",
        "fields": {
            "entry_time": "2012-07-23 15:04:36",
            "form": 9
        }
    },
    {
        "pk": 5,
        "model": "forms.formentry",
        "fields": {
            "entry_time": "2012-07-23 15:04:58",
            "form": 9
        }
    },
    {
        "pk": 6,
        "model": "forms.formentry",
        "fields": {
            "entry_time": "2012-07-23 15:05:28",
            "form": 9
        }
    },
    {
        "pk": 7,
        "model": "forms.formentry",
        "fields": {
            "entry_time": "2012-07-23 15:08:16",
            "form": 9
        }
    },
    {
        "pk": 8,
        "model": "forms.formentry",
        "fields": {
            "entry_time": "2012-07-23 15:09:55",
            "form": 9
        }
    },
    {
        "pk": 9,
        "model": "forms.formentry",
        "fields": {
            "entry_time": "2012-07-24 09:03:02",
            "form": 9
        }
    },
    {
        "pk": 10,
        "model": "forms.formentry",
        "fields": {
            "entry_time": "2012-07-24 09:42:28",
            "form": 9
        }
    },
    {
        "pk": 11,
        "model": "forms.formentry",
        "fields": {
            "entry_time": "2012-07-24 09:47:18",
            "form": 9
        }
    },
    {
        "pk": 12,
        "model": "forms.formentry",
        "fields": {
            "entry_time": "2012-07-24 09:49:24",
            "form": 9
        }
    },
    {
        "pk": 13,
        "model": "forms.formentry",
        "fields": {
            "entry_time": "2012-07-24 09:49:29",
            "form": 9
        }
    },
    {
        "pk": 14,
        "model": "forms.formentry",
        "fields": {
            "entry_time": "2012-07-24 09:55:36",
            "form": 9
        }
    },
    {
        "pk": 15,
        "model": "forms.formentry",
        "fields": {
            "entry_time": "2012-07-24 09:57:22",
            "form": 9
        }
    },
    {
        "pk": 16,
        "model": "forms.formentry",
        "fields": {
            "entry_time": "2012-07-24 09:58:10",
            "form": 9
        }
    },
    {
        "pk": 17,
        "model": "forms.formentry",
        "fields": {
            "entry_time": "2012-07-24 10:58:09",
            "form": 11
        }
    },
    {
        "pk": 18,
        "model": "forms.formentry",
        "fields": {
            "entry_time": "2012-07-30 13:49:14",
            "form": 11
        }
    },
    {
        "pk": 19,
        "model": "forms.formentry",
        "fields": {
            "entry_time": "2012-07-30 14:02:19",
            "form": 11
        }
    },
    {
        "pk": 20,
        "model": "forms.formentry",
        "fields": {
            "entry_time": "2012-07-30 14:04:52",
            "form": 11
        }
    },
    {
        "pk": 21,
        "model": "forms.formentry",
        "fields": {
            "entry_time": "2012-07-30 14:30:18",
            "form": 11
        }
    },
    {
        "pk": 22,
        "model": "forms.formentry",
        "fields": {
            "entry_time": "2012-07-30 14:33:23",
            "form": 11
        }
    },
    {
        "pk": 23,
        "model": "forms.formentry",
        "fields": {
            "entry_time": "2012-07-30 14:33:41",
            "form": 11
        }
    },
    {
        "pk": 24,
        "model": "forms.formentry",
        "fields": {
            "entry_time": "2012-07-30 14:33:49",
            "form": 11
        }
    },
    {
        "pk": 25,
        "model": "forms.formentry",
        "fields": {
            "entry_time": "2012-07-30 14:34:01",
            "form": 11
        }
    },
    {
        "pk": 26,
        "model": "forms.formentry",
        "fields": {
            "entry_time": "2012-07-30 14:35:27",
            "form": 11
        }
    },
    {
        "pk": 2,
        "model": "forms.fieldentry",
        "fields": {
            "entry": 2,
            "field_id": 8,
            "value": "Adam"
        }
    },
    {
        "pk": 3,
        "model": "forms.fieldentry",
        "fields": {
            "entry": 2,
            "field_id": 9,
            "value": "ah@talktopebble.co.uk"
        }
    },
    {
        "pk": 4,
        "model": "forms.fieldentry",
        "fields": {
            "entry": 2,
            "field_id": 10,
            "value": "test"
        }
    },
    {
        "pk": 5,
        "model": "forms.fieldentry",
        "fields": {
            "entry": 2,
            "field_id": 11,
            "value": "test"
        }
    },
    {
        "pk": 6,
        "model": "forms.fieldentry",
        "fields": {
            "entry": 2,
            "field_id": 12,
            "value": "123.0"
        }
    },
    {
        "pk": 7,
        "model": "forms.fieldentry",
        "fields": {
            "entry": 2,
            "field_id": 13,
            "value": "School Fund Finder"
        }
    },
    {
        "pk": 8,
        "model": "forms.fieldentry",
        "fields": {
            "entry": 2,
            "field_id": 14,
            "value": "Online Demo"
        }
    },
    {
        "pk": 9,
        "model": "forms.fieldentry",
        "fields": {
            "entry": 2,
            "field_id": 15,
            "value": "test"
        }
    },
    {
        "pk": 10,
        "model": "forms.fieldentry",
        "fields": {
            "entry": 3,
            "field_id": 8,
            "value": "django cms"
        }
    },
    {
        "pk": 11,
        "model": "forms.fieldentry",
        "fields": {
            "entry": 3,
            "field_id": 9,
            "value": "ah@talktopebble.co.uk"
        }
    },
    {
        "pk": 12,
        "model": "forms.fieldentry",
        "fields": {
            "entry": 3,
            "field_id": 10,
            "value": "test"
        }
    },
    {
        "pk": 13,
        "model": "forms.fieldentry",
        "fields": {
            "entry": 3,
            "field_id": 11,
            "value": "test"
        }
    },
    {
        "pk": 14,
        "model": "forms.fieldentry",
        "fields": {
            "entry": 3,
            "field_id": 12,
            "value": "123.0"
        }
    },
    {
        "pk": 15,
        "model": "forms.fieldentry",
        "fields": {
            "entry": 3,
            "field_id": 13,
            "value": "Fund Manager"
        }
    },
    {
        "pk": 16,
        "model": "forms.fieldentry",
        "fields": {
            "entry": 3,
            "field_id": 14,
            "value": "Information Pack"
        }
    },
    {
        "pk": 17,
        "model": "forms.fieldentry",
        "fields": {
            "entry": 3,
            "field_id": 15,
            "value": "k"
        }
    },
    {
        "pk": 18,
        "model": "forms.fieldentry",
        "fields": {
            "entry": 4,
            "field_id": 8,
            "value": "django cms"
        }
    },
    {
        "pk": 19,
        "model": "forms.fieldentry",
        "fields": {
            "entry": 4,
            "field_id": 9,
            "value": "ah@talktopebble.co.uk"
        }
    },
    {
        "pk": 20,
        "model": "forms.fieldentry",
        "fields": {
            "entry": 4,
            "field_id": 10,
            "value": "test"
        }
    },
    {
        "pk": 21,
        "model": "forms.fieldentry",
        "fields": {
            "entry": 4,
            "field_id": 11,
            "value": "test"
        }
    },
    {
        "pk": 22,
        "model": "forms.fieldentry",
        "fields": {
            "entry": 4,
            "field_id": 12,
            "value": "123.0"
        }
    },
    {
        "pk": 23,
        "model": "forms.fieldentry",
        "fields": {
            "entry": 4,
            "field_id": 13,
            "value": "Fund Manager"
        }
    },
    {
        "pk": 24,
        "model": "forms.fieldentry",
        "fields": {
            "entry": 4,
            "field_id": 14,
            "value": "Information Pack"
        }
    },
    {
        "pk": 25,
        "model": "forms.fieldentry",
        "fields": {
            "entry": 4,
            "field_id": 15,
            "value": "k"
        }
    },
    {
        "pk": 26,
        "model": "forms.fieldentry",
        "fields": {
            "entry": 5,
            "field_id": 8,
            "value": "django cms"
        }
    },
    {
        "pk": 27,
        "model": "forms.fieldentry",
        "fields": {
            "entry": 5,
            "field_id": 9,
            "value": "ah@talktopebble.co.uk"
        }
    },
    {
        "pk": 28,
        "model": "forms.fieldentry",
        "fields": {
            "entry": 5,
            "field_id": 10,
            "value": "test"
        }
    },
    {
        "pk": 29,
        "model": "forms.fieldentry",
        "fields": {
            "entry": 5,
            "field_id": 11,
            "value": "test"
        }
    },
    {
        "pk": 30,
        "model": "forms.fieldentry",
        "fields": {
            "entry": 5,
            "field_id": 12,
            "value": "123.0"
        }
    },
    {
        "pk": 31,
        "model": "forms.fieldentry",
        "fields": {
            "entry": 5,
            "field_id": 13,
            "value": "Fund Manager"
        }
    },
    {
        "pk": 32,
        "model": "forms.fieldentry",
        "fields": {
            "entry": 5,
            "field_id": 14,
            "value": "Information Pack"
        }
    },
    {
        "pk": 33,
        "model": "forms.fieldentry",
        "fields": {
            "entry": 5,
            "field_id": 15,
            "value": "k"
        }
    },
    {
        "pk": 34,
        "model": "forms.fieldentry",
        "fields": {
            "entry": 6,
            "field_id": 8,
            "value": "test"
        }
    },
    {
        "pk": 35,
        "model": "forms.fieldentry",
        "fields": {
            "entry": 6,
            "field_id": 9,
            "value": "ah@talktopebble.co.uk"
        }
    },
    {
        "pk": 36,
        "model": "forms.fieldentry",
        "fields": {
            "entry": 6,
            "field_id": 10,
            "value": ""
        }
    },
    {
        "pk": 37,
        "model": "forms.fieldentry",
        "fields": {
            "entry": 6,
            "field_id": 11,
            "value": ""
        }
    },
    {
        "pk": 38,
        "model": "forms.fieldentry",
        "fields": {
            "entry": 6,
            "field_id": 12,
            "value": null
        }
    },
    {
        "pk": 39,
        "model": "forms.fieldentry",
        "fields": {
            "entry": 6,
            "field_id": 13,
            "value": ""
        }
    },
    {
        "pk": 40,
        "model": "forms.fieldentry",
        "fields": {
            "entry": 6,
            "field_id": 14,
            "value": ""
        }
    },
    {
        "pk": 41,
        "model": "forms.fieldentry",
        "fields": {
            "entry": 6,
            "field_id": 15,
            "value": ""
        }
    },
    {
        "pk": 42,
        "model": "forms.fieldentry",
        "fields": {
            "entry": 7,
            "field_id": 8,
            "value": "Test"
        }
    },
    {
        "pk": 43,
        "model": "forms.fieldentry",
        "fields": {
            "entry": 7,
            "field_id": 9,
            "value": "ah@talktopebble.co.uk"
        }
    },
    {
        "pk": 44,
        "model": "forms.fieldentry",
        "fields": {
            "entry": 7,
            "field_id": 10,
            "value": ""
        }
    },
    {
        "pk": 45,
        "model": "forms.fieldentry",
        "fields": {
            "entry": 7,
            "field_id": 11,
            "value": ""
        }
    },
    {
        "pk": 46,
        "model": "forms.fieldentry",
        "fields": {
            "entry": 7,
            "field_id": 12,
            "value": null
        }
    },
    {
        "pk": 47,
        "model": "forms.fieldentry",
        "fields": {
            "entry": 7,
            "field_id": 13,
            "value": ""
        }
    },
    {
        "pk": 48,
        "model": "forms.fieldentry",
        "fields": {
            "entry": 7,
            "field_id": 14,
            "value": ""
        }
    },
    {
        "pk": 49,
        "model": "forms.fieldentry",
        "fields": {
            "entry": 7,
            "field_id": 15,
            "value": ""
        }
    },
    {
        "pk": 50,
        "model": "forms.fieldentry",
        "fields": {
            "entry": 8,
            "field_id": 8,
            "value": "Test"
        }
    },
    {
        "pk": 51,
        "model": "forms.fieldentry",
        "fields": {
            "entry": 8,
            "field_id": 9,
            "value": "adam.hogg.ah@gmail.com"
        }
    },
    {
        "pk": 52,
        "model": "forms.fieldentry",
        "fields": {
            "entry": 8,
            "field_id": 10,
            "value": ""
        }
    },
    {
        "pk": 53,
        "model": "forms.fieldentry",
        "fields": {
            "entry": 8,
            "field_id": 11,
            "value": ""
        }
    },
    {
        "pk": 54,
        "model": "forms.fieldentry",
        "fields": {
            "entry": 8,
            "field_id": 12,
            "value": null
        }
    },
    {
        "pk": 55,
        "model": "forms.fieldentry",
        "fields": {
            "entry": 8,
            "field_id": 13,
            "value": ""
        }
    },
    {
        "pk": 56,
        "model": "forms.fieldentry",
        "fields": {
            "entry": 8,
            "field_id": 14,
            "value": ""
        }
    },
    {
        "pk": 57,
        "model": "forms.fieldentry",
        "fields": {
            "entry": 8,
            "field_id": 15,
            "value": ""
        }
    },
    {
        "pk": 58,
        "model": "forms.fieldentry",
        "fields": {
            "entry": 9,
            "field_id": 8,
            "value": "name"
        }
    },
    {
        "pk": 59,
        "model": "forms.fieldentry",
        "fields": {
            "entry": 9,
            "field_id": 9,
            "value": "ah@talktopebble.co.uk"
        }
    },
    {
        "pk": 60,
        "model": "forms.fieldentry",
        "fields": {
            "entry": 9,
            "field_id": 10,
            "value": ""
        }
    },
    {
        "pk": 61,
        "model": "forms.fieldentry",
        "fields": {
            "entry": 9,
            "field_id": 11,
            "value": ""
        }
    },
    {
        "pk": 62,
        "model": "forms.fieldentry",
        "fields": {
            "entry": 9,
            "field_id": 12,
            "value": null
        }
    },
    {
        "pk": 63,
        "model": "forms.fieldentry",
        "fields": {
            "entry": 9,
            "field_id": 13,
            "value": ""
        }
    },
    {
        "pk": 64,
        "model": "forms.fieldentry",
        "fields": {
            "entry": 9,
            "field_id": 14,
            "value": ""
        }
    },
    {
        "pk": 65,
        "model": "forms.fieldentry",
        "fields": {
            "entry": 9,
            "field_id": 15,
            "value": ""
        }
    },
    {
        "pk": 66,
        "model": "forms.fieldentry",
        "fields": {
            "entry": 10,
            "field_id": 8,
            "value": "test"
        }
    },
    {
        "pk": 67,
        "model": "forms.fieldentry",
        "fields": {
            "entry": 10,
            "field_id": 9,
            "value": "adam.hogg.ah@gmail.com"
        }
    },
    {
        "pk": 68,
        "model": "forms.fieldentry",
        "fields": {
            "entry": 10,
            "field_id": 10,
            "value": ""
        }
    },
    {
        "pk": 69,
        "model": "forms.fieldentry",
        "fields": {
            "entry": 10,
            "field_id": 11,
            "value": ""
        }
    },
    {
        "pk": 70,
        "model": "forms.fieldentry",
        "fields": {
            "entry": 10,
            "field_id": 12,
            "value": null
        }
    },
    {
        "pk": 71,
        "model": "forms.fieldentry",
        "fields": {
            "entry": 10,
            "field_id": 13,
            "value": ""
        }
    },
    {
        "pk": 72,
        "model": "forms.fieldentry",
        "fields": {
            "entry": 10,
            "field_id": 14,
            "value": ""
        }
    },
    {
        "pk": 73,
        "model": "forms.fieldentry",
        "fields": {
            "entry": 10,
            "field_id": 15,
            "value": ""
        }
    },
    {
        "pk": 74,
        "model": "forms.fieldentry",
        "fields": {
            "entry": 11,
            "field_id": 8,
            "value": "TEST"
        }
    },
    {
        "pk": 75,
        "model": "forms.fieldentry",
        "fields": {
            "entry": 11,
            "field_id": 9,
            "value": "ah@talktopebble.co.uk"
        }
    },
    {
        "pk": 76,
        "model": "forms.fieldentry",
        "fields": {
            "entry": 11,
            "field_id": 10,
            "value": ""
        }
    },
    {
        "pk": 77,
        "model": "forms.fieldentry",
        "fields": {
            "entry": 11,
            "field_id": 11,
            "value": ""
        }
    },
    {
        "pk": 78,
        "model": "forms.fieldentry",
        "fields": {
            "entry": 11,
            "field_id": 12,
            "value": null
        }
    },
    {
        "pk": 79,
        "model": "forms.fieldentry",
        "fields": {
            "entry": 11,
            "field_id": 13,
            "value": ""
        }
    },
    {
        "pk": 80,
        "model": "forms.fieldentry",
        "fields": {
            "entry": 11,
            "field_id": 14,
            "value": ""
        }
    },
    {
        "pk": 81,
        "model": "forms.fieldentry",
        "fields": {
            "entry": 11,
            "field_id": 15,
            "value": ""
        }
    },
    {
        "pk": 82,
        "model": "forms.fieldentry",
        "fields": {
            "entry": 12,
            "field_id": 8,
            "value": "test"
        }
    },
    {
        "pk": 83,
        "model": "forms.fieldentry",
        "fields": {
            "entry": 12,
            "field_id": 9,
            "value": "adam.hogg.ah@gmail.com"
        }
    },
    {
        "pk": 84,
        "model": "forms.fieldentry",
        "fields": {
            "entry": 12,
            "field_id": 10,
            "value": ""
        }
    },
    {
        "pk": 85,
        "model": "forms.fieldentry",
        "fields": {
            "entry": 12,
            "field_id": 11,
            "value": ""
        }
    },
    {
        "pk": 86,
        "model": "forms.fieldentry",
        "fields": {
            "entry": 12,
            "field_id": 12,
            "value": null
        }
    },
    {
        "pk": 87,
        "model": "forms.fieldentry",
        "fields": {
            "entry": 12,
            "field_id": 13,
            "value": ""
        }
    },
    {
        "pk": 88,
        "model": "forms.fieldentry",
        "fields": {
            "entry": 12,
            "field_id": 14,
            "value": ""
        }
    },
    {
        "pk": 89,
        "model": "forms.fieldentry",
        "fields": {
            "entry": 12,
            "field_id": 15,
            "value": ""
        }
    },
    {
        "pk": 90,
        "model": "forms.fieldentry",
        "fields": {
            "entry": 13,
            "field_id": 8,
            "value": "test"
        }
    },
    {
        "pk": 91,
        "model": "forms.fieldentry",
        "fields": {
            "entry": 13,
            "field_id": 9,
            "value": "adam.hogg.ah@gmail.com"
        }
    },
    {
        "pk": 92,
        "model": "forms.fieldentry",
        "fields": {
            "entry": 13,
            "field_id": 10,
            "value": ""
        }
    },
    {
        "pk": 93,
        "model": "forms.fieldentry",
        "fields": {
            "entry": 13,
            "field_id": 11,
            "value": ""
        }
    },
    {
        "pk": 94,
        "model": "forms.fieldentry",
        "fields": {
            "entry": 13,
            "field_id": 12,
            "value": null
        }
    },
    {
        "pk": 95,
        "model": "forms.fieldentry",
        "fields": {
            "entry": 13,
            "field_id": 13,
            "value": ""
        }
    },
    {
        "pk": 96,
        "model": "forms.fieldentry",
        "fields": {
            "entry": 13,
            "field_id": 14,
            "value": ""
        }
    },
    {
        "pk": 97,
        "model": "forms.fieldentry",
        "fields": {
            "entry": 13,
            "field_id": 15,
            "value": ""
        }
    },
    {
        "pk": 98,
        "model": "forms.fieldentry",
        "fields": {
            "entry": 14,
            "field_id": 8,
            "value": "TEST"
        }
    },
    {
        "pk": 99,
        "model": "forms.fieldentry",
        "fields": {
            "entry": 14,
            "field_id": 9,
            "value": "ah@talktopebble.co.uk"
        }
    },
    {
        "pk": 100,
        "model": "forms.fieldentry",
        "fields": {
            "entry": 14,
            "field_id": 10,
            "value": ""
        }
    },
    {
        "pk": 101,
        "model": "forms.fieldentry",
        "fields": {
            "entry": 14,
            "field_id": 11,
            "value": ""
        }
    },
    {
        "pk": 102,
        "model": "forms.fieldentry",
        "fields": {
            "entry": 14,
            "field_id": 12,
            "value": null
        }
    },
    {
        "pk": 103,
        "model": "forms.fieldentry",
        "fields": {
            "entry": 14,
            "field_id": 13,
            "value": ""
        }
    },
    {
        "pk": 104,
        "model": "forms.fieldentry",
        "fields": {
            "entry": 14,
            "field_id": 14,
            "value": ""
        }
    },
    {
        "pk": 105,
        "model": "forms.fieldentry",
        "fields": {
            "entry": 14,
            "field_id": 15,
            "value": ""
        }
    },
    {
        "pk": 106,
        "model": "forms.fieldentry",
        "fields": {
            "entry": 15,
            "field_id": 8,
            "value": "test"
        }
    },
    {
        "pk": 107,
        "model": "forms.fieldentry",
        "fields": {
            "entry": 15,
            "field_id": 9,
            "value": "adam.hogg.ah@gmail.com"
        }
    },
    {
        "pk": 108,
        "model": "forms.fieldentry",
        "fields": {
            "entry": 15,
            "field_id": 10,
            "value": ""
        }
    },
    {
        "pk": 109,
        "model": "forms.fieldentry",
        "fields": {
            "entry": 15,
            "field_id": 11,
            "value": ""
        }
    },
    {
        "pk": 110,
        "model": "forms.fieldentry",
        "fields": {
            "entry": 15,
            "field_id": 12,
            "value": null
        }
    },
    {
        "pk": 111,
        "model": "forms.fieldentry",
        "fields": {
            "entry": 15,
            "field_id": 13,
            "value": ""
        }
    },
    {
        "pk": 112,
        "model": "forms.fieldentry",
        "fields": {
            "entry": 15,
            "field_id": 14,
            "value": ""
        }
    },
    {
        "pk": 113,
        "model": "forms.fieldentry",
        "fields": {
            "entry": 15,
            "field_id": 15,
            "value": ""
        }
    },
    {
        "pk": 114,
        "model": "forms.fieldentry",
        "fields": {
            "entry": 16,
            "field_id": 8,
            "value": "NEW TEXT"
        }
    },
    {
        "pk": 115,
        "model": "forms.fieldentry",
        "fields": {
            "entry": 16,
            "field_id": 9,
            "value": "adam.hogg.ah@gmail.com"
        }
    },
    {
        "pk": 116,
        "model": "forms.fieldentry",
        "fields": {
            "entry": 16,
            "field_id": 10,
            "value": "MY NEW TEST SCHOOL"
        }
    },
    {
        "pk": 117,
        "model": "forms.fieldentry",
        "fields": {
            "entry": 16,
            "field_id": 11,
            "value": "DL11RE"
        }
    },
    {
        "pk": 118,
        "model": "forms.fieldentry",
        "fields": {
            "entry": 16,
            "field_id": 12,
            "value": "111111.0"
        }
    },
    {
        "pk": 119,
        "model": "forms.fieldentry",
        "fields": {
            "entry": 16,
            "field_id": 13,
            "value": "Fund Manager"
        }
    },
    {
        "pk": 120,
        "model": "forms.fieldentry",
        "fields": {
            "entry": 16,
            "field_id": 14,
            "value": "Information Pack"
        }
    },
    {
        "pk": 121,
        "model": "forms.fieldentry",
        "fields": {
            "entry": 16,
            "field_id": 15,
            "value": "TEST MESSAGE"
        }
    },
    {
        "pk": 122,
        "model": "forms.fieldentry",
        "fields": {
            "entry": 17,
            "field_id": 17,
            "value": "django cms"
        }
    },
    {
        "pk": 123,
        "model": "forms.fieldentry",
        "fields": {
            "entry": 17,
            "field_id": 18,
            "value": "test"
        }
    },
    {
        "pk": 124,
        "model": "forms.fieldentry",
        "fields": {
            "entry": 17,
            "field_id": 19,
            "value": "DL11RE"
        }
    },
    {
        "pk": 125,
        "model": "forms.fieldentry",
        "fields": {
            "entry": 17,
            "field_id": 20,
            "value": "123.0"
        }
    },
    {
        "pk": 126,
        "model": "forms.fieldentry",
        "fields": {
            "entry": 17,
            "field_id": 21,
            "value": "2012-10-10 00:00:00"
        }
    },
    {
        "pk": 127,
        "model": "forms.fieldentry",
        "fields": {
            "entry": 18,
            "field_id": 17,
            "value": "test"
        }
    },
    {
        "pk": 128,
        "model": "forms.fieldentry",
        "fields": {
            "entry": 18,
            "field_id": 18,
            "value": "test"
        }
    },
    {
        "pk": 129,
        "model": "forms.fieldentry",
        "fields": {
            "entry": 18,
            "field_id": 19,
            "value": "dl15ea"
        }
    },
    {
        "pk": 130,
        "model": "forms.fieldentry",
        "fields": {
            "entry": 18,
            "field_id": 20,
            "value": "222.0"
        }
    },
    {
        "pk": 131,
        "model": "forms.fieldentry",
        "fields": {
            "entry": 18,
            "field_id": 21,
            "value": "2012-10-10 00:00:00"
        }
    },
    {
        "pk": 132,
        "model": "forms.fieldentry",
        "fields": {
            "entry": 18,
            "field_id": 25,
            "value": "Fund Manager"
        }
    },
    {
        "pk": 133,
        "model": "forms.fieldentry",
        "fields": {
            "entry": 19,
            "field_id": 17,
            "value": "Test"
        }
    },
    {
        "pk": 134,
        "model": "forms.fieldentry",
        "fields": {
            "entry": 19,
            "field_id": 18,
            "value": "test"
        }
    },
    {
        "pk": 135,
        "model": "forms.fieldentry",
        "fields": {
            "entry": 19,
            "field_id": 19,
            "value": "test"
        }
    },
    {
        "pk": 136,
        "model": "forms.fieldentry",
        "fields": {
            "entry": 19,
            "field_id": 20,
            "value": "123.0"
        }
    },
    {
        "pk": 137,
        "model": "forms.fieldentry",
        "fields": {
            "entry": 19,
            "field_id": 21,
            "value": "2012-10-10 00:00:00"
        }
    },
    {
        "pk": 138,
        "model": "forms.fieldentry",
        "fields": {
            "entry": 19,
            "field_id": 25,
            "value": "Fund Manager"
        }
    },
    {
        "pk": 139,
        "model": "forms.fieldentry",
        "fields": {
            "entry": 20,
            "field_id": 17,
            "value": "TEST"
        }
    },
    {
        "pk": 140,
        "model": "forms.fieldentry",
        "fields": {
            "entry": 20,
            "field_id": 18,
            "value": "MY NEW TEST SCHOOL"
        }
    },
    {
        "pk": 141,
        "model": "forms.fieldentry",
        "fields": {
            "entry": 20,
            "field_id": 19,
            "value": "DL11RE"
        }
    },
    {
        "pk": 142,
        "model": "forms.fieldentry",
        "fields": {
            "entry": 20,
            "field_id": 20,
            "value": "123.0"
        }
    },
    {
        "pk": 143,
        "model": "forms.fieldentry",
        "fields": {
            "entry": 20,
            "field_id": 21,
            "value": "2012-10-10 00:00:00"
        }
    },
    {
        "pk": 144,
        "model": "forms.fieldentry",
        "fields": {
            "entry": 20,
            "field_id": 25,
            "value": "Fund Manager"
        }
    },
    {
        "pk": 145,
        "model": "forms.fieldentry",
        "fields": {
            "entry": 21,
            "field_id": 17,
            "value": "test"
        }
    },
    {
        "pk": 146,
        "model": "forms.fieldentry",
        "fields": {
            "entry": 21,
            "field_id": 18,
            "value": "test"
        }
    },
    {
        "pk": 147,
        "model": "forms.fieldentry",
        "fields": {
            "entry": 21,
            "field_id": 19,
            "value": "dl15ea"
        }
    },
    {
        "pk": 148,
        "model": "forms.fieldentry",
        "fields": {
            "entry": 21,
            "field_id": 20,
            "value": "123.0"
        }
    },
    {
        "pk": 149,
        "model": "forms.fieldentry",
        "fields": {
            "entry": 21,
            "field_id": 21,
            "value": "2012-10-10 00:00:00"
        }
    },
    {
        "pk": 150,
        "model": "forms.fieldentry",
        "fields": {
            "entry": 21,
            "field_id": 25,
            "value": "Fund Manager"
        }
    },
    {
        "pk": 151,
        "model": "forms.fieldentry",
        "fields": {
            "entry": 22,
            "field_id": 17,
            "value": "test"
        }
    },
    {
        "pk": 152,
        "model": "forms.fieldentry",
        "fields": {
            "entry": 22,
            "field_id": 18,
            "value": "test"
        }
    },
    {
        "pk": 153,
        "model": "forms.fieldentry",
        "fields": {
            "entry": 22,
            "field_id": 19,
            "value": "dl15ea"
        }
    },
    {
        "pk": 154,
        "model": "forms.fieldentry",
        "fields": {
            "entry": 22,
            "field_id": 20,
            "value": "123.0"
        }
    },
    {
        "pk": 155,
        "model": "forms.fieldentry",
        "fields": {
            "entry": 22,
            "field_id": 21,
            "value": "2012-10-10 00:00:00"
        }
    },
    {
        "pk": 156,
        "model": "forms.fieldentry",
        "fields": {
            "entry": 22,
            "field_id": 25,
            "value": "Fund Manager"
        }
    },
    {
        "pk": 157,
        "model": "forms.fieldentry",
        "fields": {
            "entry": 23,
            "field_id": 17,
            "value": "test"
        }
    },
    {
        "pk": 158,
        "model": "forms.fieldentry",
        "fields": {
            "entry": 23,
            "field_id": 18,
            "value": "test"
        }
    },
    {
        "pk": 159,
        "model": "forms.fieldentry",
        "fields": {
            "entry": 23,
            "field_id": 19,
            "value": "1"
        }
    },
    {
        "pk": 160,
        "model": "forms.fieldentry",
        "fields": {
            "entry": 23,
            "field_id": 20,
            "value": "123.0"
        }
    },
    {
        "pk": 161,
        "model": "forms.fieldentry",
        "fields": {
            "entry": 23,
            "field_id": 21,
            "value": "2012-10-10 00:00:00"
        }
    },
    {
        "pk": 162,
        "model": "forms.fieldentry",
        "fields": {
            "entry": 23,
            "field_id": 25,
            "value": "Fund Manager"
        }
    },
    {
        "pk": 163,
        "model": "forms.fieldentry",
        "fields": {
            "entry": 24,
            "field_id": 17,
            "value": "test"
        }
    },
    {
        "pk": 164,
        "model": "forms.fieldentry",
        "fields": {
            "entry": 24,
            "field_id": 18,
            "value": "test"
        }
    },
    {
        "pk": 165,
        "model": "forms.fieldentry",
        "fields": {
            "entry": 24,
            "field_id": 19,
            "value": "123"
        }
    },
    {
        "pk": 166,
        "model": "forms.fieldentry",
        "fields": {
            "entry": 24,
            "field_id": 20,
            "value": "123.0"
        }
    },
    {
        "pk": 167,
        "model": "forms.fieldentry",
        "fields": {
            "entry": 24,
            "field_id": 21,
            "value": "2012-10-10 00:00:00"
        }
    },
    {
        "pk": 168,
        "model": "forms.fieldentry",
        "fields": {
            "entry": 24,
            "field_id": 25,
            "value": "Fund Manager"
        }
    },
    {
        "pk": 169,
        "model": "forms.fieldentry",
        "fields": {
            "entry": 25,
            "field_id": 17,
            "value": "test"
        }
    },
    {
        "pk": 170,
        "model": "forms.fieldentry",
        "fields": {
            "entry": 25,
            "field_id": 18,
            "value": "test"
        }
    },
    {
        "pk": 171,
        "model": "forms.fieldentry",
        "fields": {
            "entry": 25,
            "field_id": 19,
            "value": "123"
        }
    },
    {
        "pk": 172,
        "model": "forms.fieldentry",
        "fields": {
            "entry": 25,
            "field_id": 20,
            "value": "123.0"
        }
    },
    {
        "pk": 173,
        "model": "forms.fieldentry",
        "fields": {
            "entry": 25,
            "field_id": 21,
            "value": "2012-10-10 00:00:00"
        }
    },
    {
        "pk": 174,
        "model": "forms.fieldentry",
        "fields": {
            "entry": 25,
            "field_id": 25,
            "value": "Fund Manager"
        }
    },
    {
        "pk": 175,
        "model": "forms.fieldentry",
        "fields": {
            "entry": 26,
            "field_id": 17,
            "value": "test"
        }
    },
    {
        "pk": 176,
        "model": "forms.fieldentry",
        "fields": {
            "entry": 26,
            "field_id": 18,
            "value": "test"
        }
    },
    {
        "pk": 177,
        "model": "forms.fieldentry",
        "fields": {
            "entry": 26,
            "field_id": 19,
            "value": "test"
        }
    },
    {
        "pk": 178,
        "model": "forms.fieldentry",
        "fields": {
            "entry": 26,
            "field_id": 20,
            "value": "123.0"
        }
    },
    {
        "pk": 179,
        "model": "forms.fieldentry",
        "fields": {
            "entry": 26,
            "field_id": 21,
            "value": "test"
        }
    },
    {
        "pk": 180,
        "model": "forms.fieldentry",
        "fields": {
            "entry": 26,
            "field_id": 25,
            "value": "Fund Manager"
        }
    },
    {
        "pk": 11,
        "model": "forms.form",
        "fields": {
            "status": 2,
            "email_message": "",
            "title": "Online Demonstartion",
            "login_required": false,
            "email_copies": "adam.hogg.ah@gmail.com",
            "button_text": "Submit",
            "slug": "demo",
            "send_email": true,
            "intro": "",
            "publish_date": null,
            "email_from": "",
            "email_subject": "",
            "sites": [
                1
            ],
            "response": "your message has been successfully been sent to our HQ. \r\n\r\nWe will be in contact shortly.",
            "expiry_date": null
        }
    },
    {
        "pk": 9,
        "model": "forms.form",
        "fields": {
            "status": 2,
            "email_message": "As well as software we also provide real people on hand to offer all the Advice and support you need. No automated telephone lines - just a dedicated team of people who know the products inside out.\r\n\r\nUse this form to request more information or just send us a message. We'll be in touch shortly.",
            "title": " generalForm",
            "login_required": false,
            "email_copies": "adam.hogg.ah@gmail.com",
            "button_text": "Send",
            "slug": "generalForm",
            "send_email": true,
            "intro": "",
            "publish_date": null,
            "email_from": "ah@talktopebble.co.uk",
            "email_subject": "Contact Form",
            "sites": [
                1
            ],
            "response": "Thank You",
            "expiry_date": null
        }
    },
    {
        "pk": 10,
        "model": "forms.form",
        "fields": {
            "status": 1,
            "email_message": "",
            "title": "recommend",
            "login_required": false,
            "email_copies": "adam.hogg.ah@gmail.com",
            "button_text": "Submit",
            "slug": "recommend",
            "send_email": false,
            "intro": "text",
            "publish_date": null,
            "email_from": "",
            "email_subject": "",
            "sites": [
                1
            ],
            "response": "text",
            "expiry_date": null
        }
    },
    {
        "pk": 16,
        "model": "forms.field",
        "fields": {
            "field_type": 6,
            "form": 10,
            "default": "",
            "required": true,
            "choices": "Audience 1, Audience 1, Audience 1, Audience 1, Audience 1, ",
            "order": 0,
            "visible": true,
            "help_text": "",
            "placeholder_text": "",
            "label": "Help me convince",
            "slug": "help_me_convince"
        }
    },
    {
        "pk": 8,
        "model": "forms.field",
        "fields": {
            "field_type": 1,
            "form": 9,
            "default": "",
            "required": true,
            "choices": "",
            "order": 0,
            "visible": true,
            "help_text": "",
            "placeholder_text": "",
            "label": "Name",
            "slug": "name"
        }
    },
    {
        "pk": 17,
        "model": "forms.field",
        "fields": {
            "field_type": 1,
            "form": 11,
            "default": "",
            "required": true,
            "choices": "",
            "order": 0,
            "visible": true,
            "help_text": "",
            "placeholder_text": "",
            "label": "Name",
            "slug": "name"
        }
    },
    {
        "pk": 18,
        "model": "forms.field",
        "fields": {
            "field_type": 1,
            "form": 11,
            "default": "",
            "required": true,
            "choices": "",
            "order": 1,
            "visible": true,
            "help_text": "",
            "placeholder_text": "",
            "label": "School or Organisation",
            "slug": "school_or_organisation"
        }
    },
    {
        "pk": 9,
        "model": "forms.field",
        "fields": {
            "field_type": 3,
            "form": 9,
            "default": "",
            "required": true,
            "choices": "",
            "order": 1,
            "visible": true,
            "help_text": "",
            "placeholder_text": "",
            "label": "Email Address",
            "slug": "email_address"
        }
    },
    {
        "pk": 19,
        "model": "forms.field",
        "fields": {
            "field_type": 1,
            "form": 11,
            "default": "",
            "required": true,
            "choices": "",
            "order": 2,
            "visible": true,
            "help_text": "",
            "placeholder_text": "NE1 2QB",
            "label": "Postcode",
            "slug": "postcode"
        }
    },
    {
        "pk": 10,
        "model": "forms.field",
        "fields": {
            "field_type": 1,
            "form": 9,
            "default": "",
            "required": false,
            "choices": "",
            "order": 2,
            "visible": true,
            "help_text": "",
            "placeholder_text": "",
            "label": "School or Organisation",
            "slug": "school_or_organisation"
        }
    },
    {
        "pk": 20,
        "model": "forms.field",
        "fields": {
            "field_type": 13,
            "form": 11,
            "default": "",
            "required": true,
            "choices": "",
            "order": 3,
            "visible": true,
            "help_text": "",
            "placeholder_text": "0845 310 1788",
            "label": "Telephone",
            "slug": "telephone"
        }
    },
    {
        "pk": 11,
        "model": "forms.field",
        "fields": {
            "field_type": 1,
            "form": 9,
            "default": "",
            "required": false,
            "choices": "",
            "order": 3,
            "visible": true,
            "help_text": "",
            "placeholder_text": "NE12QB",
            "label": "Postcode",
            "slug": "postcode"
        }
    },
    {
        "pk": 21,
        "model": "forms.field",
        "fields": {
            "field_type": 1,
            "form": 11,
            "default": "",
            "required": true,
            "choices": "",
            "order": 4,
            "visible": true,
            "help_text": "",
            "placeholder_text": "01/09/2012",
            "label": "Best time",
            "slug": "best_time"
        }
    },
    {
        "pk": 12,
        "model": "forms.field",
        "fields": {
            "field_type": 1,
            "form": 9,
            "default": "",
            "required": false,
            "choices": "",
            "order": 4,
            "visible": true,
            "help_text": "",
            "placeholder_text": "0845 310 1788",
            "label": "Telephone",
            "slug": "telephone"
        }
    },
    {
        "pk": 13,
        "model": "forms.field",
        "fields": {
            "field_type": 5,
            "form": 9,
            "default": "",
            "required": false,
            "choices": "Fund Manager, School Fund Finder",
            "order": 5,
            "visible": true,
            "help_text": "",
            "placeholder_text": "",
            "label": "I'm interseted in",
            "slug": "im_interseted_in"
        }
    },
    {
        "pk": 25,
        "model": "forms.field",
        "fields": {
            "field_type": 5,
            "form": 11,
            "default": "Fund Manager",
            "required": true,
            "choices": "Fund Manager, School Fund Finder",
            "order": 5,
            "visible": true,
            "help_text": "",
            "placeholder_text": "",
            "label": "Product",
            "slug": "product"
        }
    },
    {
        "pk": 14,
        "model": "forms.field",
        "fields": {
            "field_type": 5,
            "form": 9,
            "default": "",
            "required": false,
            "choices": "Information Pack, Online Demo, On-site or online training, Other enquiry",
            "order": 6,
            "visible": true,
            "help_text": "",
            "placeholder_text": "",
            "label": "I would like",
            "slug": "i_would_like"
        }
    },
    {
        "pk": 15,
        "model": "forms.field",
        "fields": {
            "field_type": 2,
            "form": 9,
            "default": "",
            "required": false,
            "choices": "",
            "order": 7,
            "visible": true,
            "help_text": "",
            "placeholder_text": "",
            "label": "Add a message?",
            "slug": "add_a_message"
        }
    },
    {
        "pk": 64,
        "model": "link.link",
        "fields": {
            "url": "",
            "mailto": "",
            "name": "guide 1",
            "page_link": 37
        }
    },
    {
        "pk": 65,
        "model": "link.link",
        "fields": {
            "url": "",
            "mailto": "",
            "name": "Guide 2",
            "page_link": 37
        }
    },
    {
        "pk": 62,
        "model": "link.link",
        "fields": {
            "url": "",
            "mailto": "",
            "name": "Create a fully transparent audit trail",
            "page_link": 37
        }
    },
    {
        "pk": 67,
        "model": "link.link",
        "fields": {
            "url": "",
            "mailto": "",
            "name": "Online Tutorial 1",
            "page_link": 37
        }
    },
    {
        "pk": 71,
        "model": "link.link",
        "fields": {
            "url": "",
            "mailto": "",
            "name": "Online Tutorial 2",
            "page_link": 37
        }
    },
    {
        "pk": 72,
        "model": "link.link",
        "fields": {
            "url": "",
            "mailto": "",
            "name": "Online Tutorial 3",
            "page_link": 37
        }
    },
    {
        "pk": 26,
        "model": "picture.picture",
        "fields": {
            "url": "",
            "image": "cms_page_media/21/fm_logo.png",
            "float": "right",
            "page_link": null,
            "alt": "Fund Manager logo",
            "longdesc": ""
        }
    },
    {
        "pk": 75,
        "model": "picture.picture",
        "fields": {
            "url": "",
            "image": "cms_page_media/22/sff_logo.png",
            "float": null,
            "page_link": null,
            "alt": "Fund Finder logo",
            "longdesc": ""
        }
    },
    {
        "pk": 79,
        "model": "picture.picture",
        "fields": {
            "url": "",
            "image": "cms_page_media/27/sfm_logo.png",
            "float": null,
            "page_link": null,
            "alt": "School Fund Manage v7",
            "longdesc": ""
        }
    },
    {
        "pk": 83,
        "model": "picture.picture",
        "fields": {
            "url": "",
            "image": "cms_page_media/17/logo-sff.gif",
            "float": null,
            "page_link": null,
            "alt": "Fund Finder logo",
            "longdesc": ""
        }
    },
    {
        "pk": 86,
        "model": "picture.picture",
        "fields": {
            "url": "",
            "image": "cms_page_media/18/logo-ft.gif",
            "float": null,
            "page_link": null,
            "alt": "Fund Tracker logo",
            "longdesc": ""
        }
    },
    {
        "pk": 139,
        "model": "picture.picture",
        "fields": {
            "url": "",
            "image": "cms_page_media/37/fm_logo.png",
            "float": null,
            "page_link": null,
            "alt": "Fund Manager logo",
            "longdesc": ""
        }
    },
    {
        "pk": 142,
        "model": "picture.picture",
        "fields": {
            "url": "",
            "image": "cms_page_media/37/fm_logo.png",
            "float": null,
            "page_link": null,
            "alt": "Fund Manager logo",
            "longdesc": ""
        }
    },
    {
        "pk": 155,
        "model": "picture.picture",
        "fields": {
            "url": "",
            "image": "cms_page_media/49/sfm_logo.png",
            "float": null,
            "page_link": null,
            "alt": "School Fund Manager logo",
            "longdesc": ""
        }
    },
    {
        "pk": 160,
        "model": "picture.picture",
        "fields": {
            "url": "",
            "image": "cms_page_media/60/ff_logo.png",
            "float": null,
            "page_link": null,
            "alt": "Fund Finder logo",
            "longdesc": ""
        }
    },
    {
        "pk": 163,
        "model": "picture.picture",
        "fields": {
            "url": "",
            "image": "cms_page_media/37/fm_logo.png",
            "float": null,
            "page_link": null,
            "alt": "Fund Manager logo",
            "longdesc": ""
        }
    },
    {
        "pk": 164,
        "model": "picture.picture",
        "fields": {
            "url": "",
            "image": "cms_page_media/37/fm_logo.png",
            "float": null,
            "page_link": null,
            "alt": "Fund Manager logo",
            "longdesc": ""
        }
    },
    {
        "pk": 166,
        "model": "picture.picture",
        "fields": {
            "url": "",
            "image": "cms_page_media/49/sfm_logo.png",
            "float": null,
            "page_link": null,
            "alt": "School Fund Manager logo",
            "longdesc": ""
        }
    },
    {
        "pk": 167,
        "model": "picture.picture",
        "fields": {
            "url": "",
            "image": "cms_page_media/49/sfm_logo.png",
            "float": null,
            "page_link": null,
            "alt": "School Fund Manager logo",
            "longdesc": ""
        }
    },
    {
        "pk": 168,
        "model": "picture.picture",
        "fields": {
            "url": "",
            "image": "cms_page_media/60/ff_logo.png",
            "float": null,
            "page_link": null,
            "alt": "Fund Finder logo",
            "longdesc": ""
        }
    },
    {
        "pk": 169,
        "model": "picture.picture",
        "fields": {
            "url": "",
            "image": "cms_page_media/60/ff_logo.png",
            "float": null,
            "page_link": null,
            "alt": "Fund Finder logo",
            "longdesc": ""
        }
    },
    {
        "pk": 180,
        "model": "picture.picture",
        "fields": {
            "url": "",
            "image": "cms_page_media/15/hotair_1.png",
            "float": null,
            "page_link": null,
            "alt": "pebble hotair balloon",
            "longdesc": ""
        }
    },
    {
        "pk": 200,
        "model": "picture.picture",
        "fields": {
            "url": "",
            "image": "cms_page_media/37/300x300.gif",
            "float": null,
            "page_link": null,
            "alt": "",
            "longdesc": ""
        }
    },
    {
        "pk": 216,
        "model": "picture.picture",
        "fields": {
            "url": "",
            "image": "cms_page_media/78/pebblestory.png",
            "float": null,
            "page_link": null,
            "alt": "",
            "longdesc": ""
        }
    },
    {
        "pk": 16,
        "model": "text.text",
        "fields": {
            "body": "We specialise in smart accountancy software that help schools and other organisations save time and money.<br/><p>Lorem ipsum dolor sit amet, consectetuer adipiscing elit, sed diam nonummy nibh euismod tincidunt ut laoreet dolore magna aliquam erat volutpat. \u00a0\u00a0\u00a0\u00a0\u00a0\u00a0\u00a0\u00a0\u00a0\u00a0\u00a0\u00a0 </p>"
        }
    },
    {
        "pk": 28,
        "model": "text.text",
        "fields": {
            "body": "<p>security</p>"
        }
    },
    {
        "pk": 31,
        "model": "text.text",
        "fields": {
            "body": "<p>terms</p>"
        }
    },
    {
        "pk": 32,
        "model": "text.text",
        "fields": {
            "body": "<p>accessibility</p>"
        }
    },
    {
        "pk": 38,
        "model": "text.text",
        "fields": {
            "body": "Development"
        }
    },
    {
        "pk": 39,
        "model": "text.text",
        "fields": {
            "body": "As well as software we also provide real people on hand to offer all the Advice and support you need. No automated telephone lines - just a dedicated team of people who know the products inside out.<br/>"
        }
    },
    {
        "pk": 40,
        "model": "text.text",
        "fields": {
            "body": "Newsletter<br/>"
        }
    },
    {
        "pk": 41,
        "model": "text.text",
        "fields": {
            "body": "Security"
        }
    },
    {
        "pk": 42,
        "model": "text.text",
        "fields": {
            "body": "Information about security"
        }
    },
    {
        "pk": 58,
        "model": "text.text",
        "fields": {
            "body": "<ul><li><img src=\"/static/cms/images/plugins/link.png\" alt=\"Link - guide 1\" id=\"plugin_obj_64\" title=\"Link - guide 1\"/></li><li><img src=\"/static/cms/images/plugins/link.png\" alt=\"Link - Guide 2\" id=\"plugin_obj_65\" title=\"Link - Guide 2\"/></li></ul>"
        }
    },
    {
        "pk": 66,
        "model": "text.text",
        "fields": {
            "body": "Description. Lorem ipsum dolor sit amet, consectetuer adipiscing elit, sed diam nonummy nibh euismod tincidunt ut laoreet dolore magna aliquam erat volutpat.<br/>"
        }
    },
    {
        "pk": 68,
        "model": "text.text",
        "fields": {
            "body": "Description. Lorem ipsum dolor sit amet, consectetuer adipiscing elit, \nsed diam nonummy nibh euismod tincidunt ut laoreet dolore magna aliquam \nerat volutpat."
        }
    },
    {
        "pk": 69,
        "model": "text.text",
        "fields": {
            "body": "Description. Lorem ipsum dolor sit amet, consectetuer adipiscing elit, \nsed diam nonummy nibh euismod tincidunt ut laoreet dolore magna aliquam \nerat volutpat."
        }
    },
    {
        "pk": 70,
        "model": "text.text",
        "fields": {
            "body": "Description. Lorem ipsum dolor sit amet, consectetuer adipiscing elit, \nsed diam nonummy nibh euismod tincidunt ut laoreet dolore magna aliquam \nerat volutpat."
        }
    },
    {
        "pk": 73,
        "model": "text.text",
        "fields": {
            "body": "Fund Manager Support<br/>"
        }
    },
    {
        "pk": 76,
        "model": "text.text",
        "fields": {
            "body": "Fund Finder Support"
        }
    },
    {
        "pk": 81,
        "model": "text.text",
        "fields": {
            "body": ""
        }
    },
    {
        "pk": 87,
        "model": "text.text",
        "fields": {
            "body": "Convenient online payments and fund tracking"
        }
    },
    {
        "pk": 138,
        "model": "text.text",
        "fields": {
            "body": "School Fund Manager v7 Support"
        }
    },
    {
        "pk": 170,
        "model": "text.text",
        "fields": {
            "body": "<p>security</p>"
        }
    },
    {
        "pk": 171,
        "model": "text.text",
        "fields": {
            "body": "Security"
        }
    },
    {
        "pk": 172,
        "model": "text.text",
        "fields": {
            "body": "Information about security"
        }
    },
    {
        "pk": 173,
        "model": "text.text",
        "fields": {
            "body": "Upgrade Fund Manager"
        }
    },
    {
        "pk": 175,
        "model": "text.text",
        "fields": {
            "body": "<div id=\"lipsum\">\n<p>\nLorem ipsum dolor sit amet, consectetur adipiscing elit. Praesent vitae \nurna sem. Vestibulum ante ipsum primis in faucibus orci luctus et \nultrices posuere cubilia Curae; Phasellus ac lorem lorem, ac lacinia \nlorem. Proin id condimentum magna. Phasellus tempor rhoncus nisl, vitae \nlobortis lectus cursus id. Aenean varius leo eget ligula sodales \nvestibulum. In interdum mollis varius. Vestibulum orci ante, sodales a \nconvallis vel, iaculis non erat. Suspendisse quam velit, porta a \nbibendum eget, facilisis eu tortor. Maecenas a velit eget magna cursus \naliquam at non tortor. Nam viverra ipsum in tortor rhoncus blandit. \nNulla malesuada pharetra urna et malesuada. Sed vitae risus vel felis \ntincidunt venenatis. Pellentesque a nibh eget erat imperdiet posuere.\n</p>\n<ul><li>List 1</li><li>List 1</li><li>List 1</li><li>List 1</li></ul>\n<p>\nVivamus condimentum eleifend justo, dictum tincidunt ante blandit \nmolestie. Duis non tortor a massa aliquam gravida. Pellentesque sodales \nmagna et enim sodales sit amet congue est pellentesque. In tempus, magna\n nec vehicula consectetur, felis neque cursus odio, sed lacinia arcu \nquam eu erat. Donec libero lectus, convallis ut bibendum et, fermentum \nnec nunc. Nullam leo felis, suscipit eu hendrerit quis, ullamcorper a \nligula. Aenean elementum suscipit orci vitae aliquet. Duis luctus \nlacinia imperdiet. Nullam at iaculis leo. Duis porta metus non nulla \npharetra blandit. Sed ac sapien purus. Vestibulum ac nisl non nisl \nrhoncus fringilla. Nullam vitae suscipit elit. Mauris id enim tortor, eu\n iaculis eros. Duis egestas dolor a ante faucibus quis tempus justo \ntempor. Suspendisse eros est, euismod non dapibus at, tincidunt in mi.\n</p></div>"
        }
    },
    {
        "pk": 176,
        "model": "text.text",
        "fields": {
            "body": "Why others upgraded?"
        }
    },
    {
        "pk": 194,
        "model": "text.text",
        "fields": {
            "body": "Title\n"
        }
    },
    {
        "pk": 196,
        "model": "text.text",
        "fields": {
            "body": "<p><strong>Main content area is inside this <code>.box.grid2</code>.</strong> Paragraph. Nullam quis risus eget urna mollis ornare vel eu leo. Cum sociis natoque penatibus et magnis dis parturient montes, nascetur ridiculus mus. Nullam id dolor id nibh ultricies vehicula ut id elit.</p>\n                                <h2>H2 Heading 2</h2>\n                                <p><code>p</code> Paragraph. <strong>Strong.</strong> <em>Emphasis.</em> <a href=\"#\">Hyperlink.</a> Nullam quis risus eget urna mollis ornare vel eu leo. Cum sociis natoque penatibus et magnis dis parturient montes, nascetur ridiculus mus. Nullam id dolor id nibh ultricies vehicula ut id elit.</p>\n                                <p>Paragraph. Nullam quis risus eget urna mollis ornare vel eu leo. Cum sociis natoque penatibus et magnis dis parturient montes, nascetur ridiculus mus. Nullam id dolor id nibh ultricies vehicula ut id elit.</p>\n                                <h3>H3 Heading 3</h3>\n                                <p class=\"pull-quote pull-right\"><img src=\"/static/cms/images/plugins/image.png\" alt=\"Picture - 300x300.gif\" id=\"plugin_obj_200\" title=\"Picture - 300x300.gif\"/></p>\n                                <p>Paragraph with a pull-quote. Donec ipsum. Suspendisse potenti. Morbi vitae nulla. Pellentesque habitant morbi tristique senectus et netus et malesuada fames ac turpis egestas. Suspendisse porta orci eget urna. Donec nec massa. Ut pharetra interdum felis. Phasellus eget nibh. Mauris nunc elit, consectetuer ac, sodales et, malesuada quis, nibh. Aenean feugiat purus id orci. Fusce pede purus, vestibulum porttitor, scelerisque ut, dapibus eget, lorem.</p>\n                                <p><img src=\"static/260x120.gif\" alt=\"alt text\" class=\"pull-right\"/>Paragraph with an <code>img.pull-right</code>. Donec ipsum. Suspendisse potenti. Morbi vitae nulla. Pellentesque habitant morbi tristique senectus et netus et malesuada fames ac turpis egestas. Suspendisse porta orci eget urna. Donec nec massa. Ut pharetra interdum felis. Phasellus eget nibh. Mauris nunc elit, consectetuer ac, sodales et, malesuada quis, nibh. Aenean feugiat purus id orci. Fusce pede purus, vestibulum porttitor, scelerisque ut, dapibus eget, lorem.</p>"
        }
    },
    {
        "pk": 201,
        "model": "text.text",
        "fields": {
            "body": "text goes here for blog"
        }
    },
    {
        "pk": 202,
        "model": "text.text",
        "fields": {
            "body": "<p>Text FIRST</p>"
        }
    },
    {
        "pk": 203,
        "model": "text.text",
        "fields": {
            "body": "<p>Text SECOND</p>"
        }
    },
    {
        "pk": 207,
        "model": "text.text",
        "fields": {
            "body": "<h1>Newsletter</h1><div class=\"description\"><p>sign up to our newsletter to get the latest updates from our products and services. </p></div>"
        }
    },
    {
        "pk": 210,
        "model": "text.text",
        "fields": {
            "body": "<p>What is in the Newsletter?</p>"
        }
    },
    {
        "pk": 211,
        "model": "text.text",
        "fields": {
            "body": "text text text "
        }
    },
    {
        "pk": 214,
        "model": "text.text",
        "fields": {
            "body": "<p>text here</p><br/>"
        }
    },
    {
        "pk": 215,
        "model": "text.text",
        "fields": {
            "body": "About"
        }
    },
    {
        "pk": 217,
        "model": "text.text",
        "fields": {
            "body": "<p>This is a text blog bla bla bla </p>"
        }
    },
    {
        "pk": 219,
        "model": "text.text",
        "fields": {
            "body": "<br/>"
        }
    },
    {
        "pk": 221,
        "model": "text.text",
        "fields": {
            "body": "<br/>"
        }
    },
    {
        "pk": 2,
        "model": "auth.user",
        "fields": {
            "username": "test",
            "first_name": "",
            "last_name": "",
            "is_active": true,
            "is_superuser": false,
            "is_staff": false,
            "last_login": "2012-07-24 15:44:20",
            "groups": [],
            "user_permissions": [],
            "password": "sha1$6f1fd$354de83055cbbf2ea403b2fc2886fc80ea6f5d28",
            "email": "",
            "date_joined": "2012-07-24 15:44:20"
        }
    },
    {
        "pk": 1,
        "model": "auth.user",
        "fields": {
            "username": "sysadmin",
            "first_name": "",
            "last_name": "",
            "is_active": true,
            "is_superuser": true,
            "is_staff": true,
            "last_login": "2012-08-01 11:43:05",
            "groups": [],
            "user_permissions": [],
            "password": "sha1$7279a$b63da466e1623e3c5f141ee2b50864c1ee3a0582",
            "email": "sysadmin@talktopebble.co.uk",
            "date_joined": "2012-05-23 09:28:30"
        }
    }
]