[
    {
        "pk": 2,
        "model": "auth.user",
        "fields": {
            "username": "test",
            "first_name": "",
            "last_name": "",
            "is_active": true,
            "is_superuser": false,
            "is_staff": false,
            "last_login": "2012-07-24 15:44:20",
            "groups": [],
            "user_permissions": [],
            "password": "sha1$6f1fd$354de83055cbbf2ea403b2fc2886fc80ea6f5d28",
            "email": "",
            "date_joined": "2012-07-24 15:44:20"
        }
    },
    {
        "pk": 1,
        "model": "auth.user",
        "fields": {
            "username": "sysadmin",
            "first_name": "",
            "last_name": "",
            "is_active": true,
            "is_superuser": true,
            "is_staff": true,
            "last_login": "2012-08-01 11:43:05",
            "groups": [],
            "user_permissions": [],
            "password": "sha1$7279a$b63da466e1623e3c5f141ee2b50864c1ee3a0582",
            "email": "sysadmin@talktopebble.co.uk",
            "date_joined": "2012-05-23 09:28:30"
        }
    },
    {
        "pk": 15,
        "model": "cms.page",
        "fields": {
            "rght": 2,
            "navigation_extenders": "",
            "site": 1,
            "creation_date": "2012-05-24 16:21:02",
            "lft": 1,
            "in_navigation": true,
            "reverse_id": "home",
            "login_required": false,
            "created_by": "sysadmin",
            "publication_end_date": null,
            "moderator_state": 0,
            "template": "home.html",
            "tree_id": 1,
            "placeholders": [
                79,
                80,
                81,
                350,
                48,
                49,
                50,
                351
            ],
            "changed_date": "2012-07-17 15:28:09",
            "limit_visibility_in_menu": null,
            "parent": null,
            "publisher_state": 1,
            "soft_root": false,
            "publication_date": "2012-05-25 13:38:04",
            "publisher_public": null,
            "level": 0,
            "changed_by": "sysadmin",
            "publisher_is_draft": true,
            "published": true
        }
    },
    {
        "pk": 16,
        "model": "cms.page",
        "fields": {
            "rght": 4,
            "navigation_extenders": "",
            "site": 1,
            "creation_date": "2012-05-24 16:21:14",
            "lft": 1,
            "in_navigation": true,
            "reverse_id": null,
            "login_required": false,
            "created_by": "sysadmin",
            "publication_end_date": null,
            "moderator_state": 1,
            "template": "product_fm.html",
            "tree_id": 2,
            "placeholders": [
                82,
                91,
                51,
                52,
                53,
                72,
                73,
                74,
                75,
                177
            ],
            "changed_date": "2012-07-17 13:48:39",
            "limit_visibility_in_menu": null,
            "parent": null,
            "publisher_state": 1,
            "soft_root": false,
            "publication_date": "2012-05-25 13:38:07",
            "publisher_public": null,
            "level": 0,
            "changed_by": "sysadmin",
            "publisher_is_draft": true,
            "published": true
        }
    },
    {
        "pk": 72,
        "model": "cms.page",
        "fields": {
            "rght": 3,
            "navigation_extenders": "",
            "site": 1,
            "creation_date": "2012-07-02 10:36:33",
            "lft": 2,
            "in_navigation": false,
            "reverse_id": null,
            "login_required": false,
            "created_by": "sysadmin",
            "publication_end_date": null,
            "moderator_state": 0,
            "template": "upgrade.html",
            "tree_id": 2,
            "placeholders": [
                278,
                279,
                280,
                281,
                282
            ],
            "changed_date": "2012-07-18 16:03:58",
            "limit_visibility_in_menu": null,
            "parent": 16,
            "publisher_state": 1,
            "soft_root": false,
            "publication_date": "2012-07-13 15:47:16",
            "publisher_public": null,
            "level": 1,
            "changed_by": "sysadmin",
            "publisher_is_draft": true,
            "published": true
        }
    },
    {
        "pk": 17,
        "model": "cms.page",
        "fields": {
            "rght": 2,
            "navigation_extenders": "",
            "site": 1,
            "creation_date": "2012-05-24 16:21:27",
            "lft": 1,
            "in_navigation": true,
            "reverse_id": null,
            "login_required": false,
            "created_by": "sysadmin",
            "publication_end_date": null,
            "moderator_state": 0,
            "template": "product_ff.html",
            "tree_id": 4,
            "placeholders": [
                90,
                54,
                55,
                56,
                176,
                296
            ],
            "changed_date": "2012-07-26 08:48:39",
            "limit_visibility_in_menu": null,
            "parent": null,
            "publisher_state": 1,
            "soft_root": false,
            "publication_date": "2012-05-25 13:38:08",
            "publisher_public": null,
            "level": 0,
            "changed_by": "sysadmin",
            "publisher_is_draft": true,
            "published": true
        }
    },
    {
        "pk": 18,
        "model": "cms.page",
        "fields": {
            "rght": 2,
            "navigation_extenders": "",
            "site": 1,
            "creation_date": "2012-05-24 16:21:35",
            "lft": 1,
            "in_navigation": false,
            "reverse_id": null,
            "login_required": false,
            "created_by": "sysadmin",
            "publication_end_date": null,
            "moderator_state": 0,
            "template": "product_fm.html",
            "tree_id": 5,
            "placeholders": [
                57,
                58,
                59,
                178
            ],
            "changed_date": "2012-07-17 11:02:16",
            "limit_visibility_in_menu": null,
            "parent": null,
            "publisher_state": 1,
            "soft_root": false,
            "publication_date": "2012-05-25 13:38:11",
            "publisher_public": null,
            "level": 0,
            "changed_by": "sysadmin",
            "publisher_is_draft": true,
            "published": false
        }
    },
    {
        "pk": 19,
        "model": "cms.page",
        "fields": {
            "rght": 26,
            "navigation_extenders": "",
            "site": 1,
            "creation_date": "2012-05-24 16:25:27",
            "lft": 1,
            "in_navigation": true,
            "reverse_id": null,
            "login_required": false,
            "created_by": "sysadmin",
            "publication_end_date": null,
            "moderator_state": 0,
            "template": "support.html",
            "tree_id": 6,
            "placeholders": [
                83,
                84,
                85,
                60,
                287,
                288,
                289,
                290,
                291,
                292,
                293,
                294,
                295
            ],
            "changed_date": "2012-07-31 16:56:26",
            "limit_visibility_in_menu": null,
            "parent": null,
            "publisher_state": 1,
            "soft_root": false,
            "publication_date": "2012-05-25 13:38:11",
            "publisher_public": null,
            "level": 0,
            "changed_by": "sysadmin",
            "publisher_is_draft": true,
            "published": true
        }
    },
    {
        "pk": 21,
        "model": "cms.page",
        "fields": {
            "rght": 9,
            "navigation_extenders": "",
            "site": 1,
            "creation_date": "2012-05-24 16:27:12",
            "lft": 2,
            "in_navigation": false,
            "reverse_id": null,
            "login_required": false,
            "created_by": "sysadmin",
            "publication_end_date": null,
            "moderator_state": 0,
            "template": "support_product.html",
            "tree_id": 6,
            "placeholders": [
                62,
                63,
                138,
                139,
                140,
                141,
                142,
                143,
                144,
                145,
                146,
                147,
                148,
                149,
                150,
                151,
                301,
                302
            ],
            "changed_date": "2012-07-19 12:02:55",
            "limit_visibility_in_menu": null,
            "parent": 19,
            "publisher_state": 1,
            "soft_root": false,
            "publication_date": "2012-05-25 13:38:12",
            "publisher_public": null,
            "level": 1,
            "changed_by": "sysadmin",
            "publisher_is_draft": true,
            "published": true
        }
    },
    {
        "pk": 37,
        "model": "cms.page",
        "fields": {
            "rght": 4,
            "navigation_extenders": "",
            "site": 1,
            "creation_date": "2012-05-29 12:03:51",
            "lft": 3,
            "in_navigation": false,
            "reverse_id": null,
            "login_required": false,
            "created_by": "sysadmin",
            "publication_end_date": null,
            "moderator_state": 0,
            "template": "support_document.html",
            "tree_id": 6,
            "placeholders": [
                136,
                137,
                318
            ],
            "changed_date": "2012-07-17 11:03:19",
            "limit_visibility_in_menu": null,
            "parent": 21,
            "publisher_state": 1,
            "soft_root": false,
            "publication_date": "2012-05-29 12:13:38",
            "publisher_public": null,
            "level": 2,
            "changed_by": "sysadmin",
            "publisher_is_draft": true,
            "published": true
        }
    },
    {
        "pk": 63,
        "model": "cms.page",
        "fields": {
            "rght": 6,
            "navigation_extenders": "",
            "site": 1,
            "creation_date": "2012-06-27 09:49:02",
            "lft": 5,
            "in_navigation": false,
            "reverse_id": null,
            "login_required": false,
            "created_by": "sysadmin",
            "publication_end_date": null,
            "moderator_state": 0,
            "template": "support_document.html",
            "tree_id": 6,
            "placeholders": [
                341,
                237,
                238
            ],
            "changed_date": "2012-07-31 08:59:47",
            "limit_visibility_in_menu": null,
            "parent": 21,
            "publisher_state": 1,
            "soft_root": false,
            "publication_date": "2012-05-29 12:13:38",
            "publisher_public": null,
            "level": 2,
            "changed_by": "sysadmin",
            "publisher_is_draft": true,
            "published": true
        }
    },
    {
        "pk": 64,
        "model": "cms.page",
        "fields": {
            "rght": 8,
            "navigation_extenders": "",
            "site": 1,
            "creation_date": "2012-06-27 09:49:10",
            "lft": 7,
            "in_navigation": false,
            "reverse_id": null,
            "login_required": false,
            "created_by": "sysadmin",
            "publication_end_date": null,
            "moderator_state": 0,
            "template": "support_document.html",
            "tree_id": 6,
            "placeholders": [
                342,
                239,
                240
            ],
            "changed_date": "2012-07-31 08:59:47",
            "limit_visibility_in_menu": null,
            "parent": 21,
            "publisher_state": 1,
            "soft_root": false,
            "publication_date": "2012-05-29 12:13:38",
            "publisher_public": null,
            "level": 2,
            "changed_by": "sysadmin",
            "publisher_is_draft": true,
            "published": true
        }
    },
    {
        "pk": 27,
        "model": "cms.page",
        "fields": {
            "rght": 17,
            "navigation_extenders": "",
            "site": 1,
            "creation_date": "2012-05-28 09:44:53",
            "lft": 10,
            "in_navigation": false,
            "reverse_id": null,
            "login_required": false,
            "created_by": "sysadmin",
            "publication_end_date": null,
            "moderator_state": 0,
            "template": "support_product.html",
            "tree_id": 6,
            "placeholders": [
                87,
                88,
                152,
                153,
                154,
                155,
                156,
                157,
                158,
                159
            ],
            "changed_date": "2012-07-17 11:03:54",
            "limit_visibility_in_menu": null,
            "parent": 19,
            "publisher_state": 1,
            "soft_root": false,
            "publication_date": "2012-05-28 09:45:12",
            "publisher_public": null,
            "level": 1,
            "changed_by": "sysadmin",
            "publisher_is_draft": true,
            "published": true
        }
    },
    {
        "pk": 66,
        "model": "cms.page",
        "fields": {
            "rght": 12,
            "navigation_extenders": "",
            "site": 1,
            "creation_date": "2012-06-27 09:54:14",
            "lft": 11,
            "in_navigation": false,
            "reverse_id": null,
            "login_required": false,
            "created_by": "sysadmin",
            "publication_end_date": null,
            "moderator_state": 0,
            "template": "support_document.html",
            "tree_id": 6,
            "placeholders": [
                243,
                244,
                337
            ],
            "changed_date": "2012-07-30 16:12:17",
            "limit_visibility_in_menu": null,
            "parent": 27,
            "publisher_state": 1,
            "soft_root": false,
            "publication_date": "2012-05-29 12:13:38",
            "publisher_public": null,
            "level": 2,
            "changed_by": "sysadmin",
            "publisher_is_draft": true,
            "published": true
        }
    },
    {
        "pk": 67,
        "model": "cms.page",
        "fields": {
            "rght": 14,
            "navigation_extenders": "",
            "site": 1,
            "creation_date": "2012-06-27 09:54:18",
            "lft": 13,
            "in_navigation": false,
            "reverse_id": null,
            "login_required": false,
            "created_by": "sysadmin",
            "publication_end_date": null,
            "moderator_state": 0,
            "template": "support_document.html",
            "tree_id": 6,
            "placeholders": [
                343,
                245,
                246
            ],
            "changed_date": "2012-07-31 08:59:52",
            "limit_visibility_in_menu": null,
            "parent": 27,
            "publisher_state": 1,
            "soft_root": false,
            "publication_date": "2012-05-29 12:13:38",
            "publisher_public": null,
            "level": 2,
            "changed_by": "sysadmin",
            "publisher_is_draft": true,
            "published": true
        }
    },
    {
        "pk": 55,
        "model": "cms.page",
        "fields": {
            "rght": 16,
            "navigation_extenders": "",
            "site": 1,
            "creation_date": "2012-06-26 12:34:58",
            "lft": 15,
            "in_navigation": false,
            "reverse_id": null,
            "login_required": false,
            "created_by": "sysadmin",
            "publication_end_date": null,
            "moderator_state": 0,
            "template": "support_document.html",
            "tree_id": 6,
            "placeholders": [
                344,
                221,
                222
            ],
            "changed_date": "2012-07-31 08:59:52",
            "limit_visibility_in_menu": null,
            "parent": 27,
            "publisher_state": 1,
            "soft_root": false,
            "publication_date": "2012-05-29 12:13:38",
            "publisher_public": null,
            "level": 2,
            "changed_by": "sysadmin",
            "publisher_is_draft": true,
            "published": true
        }
    },
    {
        "pk": 22,
        "model": "cms.page",
        "fields": {
            "rght": 25,
            "navigation_extenders": "",
            "site": 1,
            "creation_date": "2012-05-24 16:29:25",
            "lft": 18,
            "in_navigation": false,
            "reverse_id": null,
            "login_required": false,
            "created_by": "sysadmin",
            "publication_end_date": null,
            "moderator_state": 0,
            "template": "support_product.html",
            "tree_id": 6,
            "placeholders": [
                64,
                65,
                168,
                169,
                170,
                171,
                172,
                173,
                174,
                175
            ],
            "changed_date": "2012-07-26 08:50:00",
            "limit_visibility_in_menu": null,
            "parent": 19,
            "publisher_state": 1,
            "soft_root": false,
            "publication_date": "2012-05-28 09:44:37",
            "publisher_public": null,
            "level": 1,
            "changed_by": "sysadmin",
            "publisher_is_draft": true,
            "published": true
        }
    },
    {
        "pk": 60,
        "model": "cms.page",
        "fields": {
            "rght": 20,
            "navigation_extenders": "",
            "site": 1,
            "creation_date": "2012-06-26 12:36:43",
            "lft": 19,
            "in_navigation": false,
            "reverse_id": null,
            "login_required": false,
            "created_by": "sysadmin",
            "publication_end_date": null,
            "moderator_state": 0,
            "template": "support_document.html",
            "tree_id": 6,
            "placeholders": [
                231,
                232,
                338
            ],
            "changed_date": "2012-07-30 16:12:42",
            "limit_visibility_in_menu": null,
            "parent": 22,
            "publisher_state": 1,
            "soft_root": false,
            "publication_date": "2012-05-29 12:13:38",
            "publisher_public": null,
            "level": 2,
            "changed_by": "sysadmin",
            "publisher_is_draft": true,
            "published": true
        }
    },
    {
        "pk": 68,
        "model": "cms.page",
        "fields": {
            "rght": 22,
            "navigation_extenders": "",
            "site": 1,
            "creation_date": "2012-06-27 09:56:25",
            "lft": 21,
            "in_navigation": false,
            "reverse_id": null,
            "login_required": false,
            "created_by": "sysadmin",
            "publication_end_date": null,
            "moderator_state": 0,
            "template": "support_document.html",
            "tree_id": 6,
            "placeholders": [
                345,
                247,
                248
            ],
            "changed_date": "2012-07-31 08:59:58",
            "limit_visibility_in_menu": null,
            "parent": 22,
            "publisher_state": 1,
            "soft_root": false,
            "publication_date": "2012-05-29 12:13:38",
            "publisher_public": null,
            "level": 2,
            "changed_by": "sysadmin",
            "publisher_is_draft": true,
            "published": true
        }
    },
    {
        "pk": 69,
        "model": "cms.page",
        "fields": {
            "rght": 24,
            "navigation_extenders": "",
            "site": 1,
            "creation_date": "2012-06-27 09:56:29",
            "lft": 23,
            "in_navigation": false,
            "reverse_id": null,
            "login_required": false,
            "created_by": "sysadmin",
            "publication_end_date": null,
            "moderator_state": 0,
            "template": "support_document.html",
            "tree_id": 6,
            "placeholders": [
                346,
                249,
                250
            ],
            "changed_date": "2012-07-31 09:00:00",
            "limit_visibility_in_menu": null,
            "parent": 22,
            "publisher_state": 1,
            "soft_root": false,
            "publication_date": "2012-05-29 12:13:38",
            "publisher_public": null,
            "level": 2,
            "changed_by": "sysadmin",
            "publisher_is_draft": true,
            "published": true
        }
    },
    {
        "pk": 20,
        "model": "cms.page",
        "fields": {
            "rght": 4,
            "navigation_extenders": "",
            "site": 1,
            "creation_date": "2012-05-24 16:25:48",
            "lft": 1,
            "in_navigation": true,
            "reverse_id": null,
            "login_required": false,
            "created_by": "sysadmin",
            "publication_end_date": null,
            "moderator_state": 0,
            "template": "contact.html",
            "tree_id": 9,
            "placeholders": [
                61
            ],
            "changed_date": "2012-07-23 16:50:55",
            "limit_visibility_in_menu": null,
            "parent": null,
            "publisher_state": 1,
            "soft_root": false,
            "publication_date": "2012-05-25 13:38:16",
            "publisher_public": null,
            "level": 0,
            "changed_by": "sysadmin",
            "publisher_is_draft": true,
            "published": true
        }
    },
    {
        "pk": 77,
        "model": "cms.page",
        "fields": {
            "rght": 3,
            "navigation_extenders": "",
            "site": 1,
            "creation_date": "2012-07-26 09:11:58",
            "lft": 2,
            "in_navigation": false,
            "reverse_id": null,
            "login_required": false,
            "created_by": "sysadmin",
            "publication_end_date": null,
            "moderator_state": 0,
            "template": "contact2.html",
            "tree_id": 9,
            "placeholders": [
                332
            ],
            "changed_date": "2012-07-26 09:13:12",
            "limit_visibility_in_menu": null,
            "parent": 20,
            "publisher_state": 1,
            "soft_root": false,
            "publication_date": "2012-07-26 09:13:12",
            "publisher_public": null,
            "level": 1,
            "changed_by": "sysadmin",
            "publisher_is_draft": true,
            "published": true
        }
    },
    {
        "pk": 26,
        "model": "cms.page",
        "fields": {
            "rght": 2,
            "navigation_extenders": "",
            "site": 1,
            "creation_date": "2012-05-25 13:58:34",
            "lft": 1,
            "in_navigation": false,
            "reverse_id": null,
            "login_required": false,
            "created_by": "sysadmin",
            "publication_end_date": null,
            "moderator_state": 0,
            "template": "login.html",
            "tree_id": 12,
            "placeholders": [
                89
            ],
            "changed_date": "2012-05-30 16:47:41",
            "limit_visibility_in_menu": null,
            "parent": null,
            "publisher_state": 1,
            "soft_root": false,
            "publication_date": "2012-05-25 14:01:32",
            "publisher_public": null,
            "level": 0,
            "changed_by": "sysadmin",
            "publisher_is_draft": true,
            "published": false
        }
    },
    {
        "pk": 70,
        "model": "cms.page",
        "fields": {
            "rght": 2,
            "navigation_extenders": "",
            "site": 1,
            "creation_date": "2012-06-27 10:00:07",
            "lft": 1,
            "in_navigation": false,
            "reverse_id": null,
            "login_required": false,
            "created_by": "sysadmin",
            "publication_end_date": null,
            "moderator_state": 0,
            "template": "misc.html",
            "tree_id": 13,
            "placeholders": [
                252,
                253,
                254,
                255,
                256,
                257,
                258,
                259
            ],
            "changed_date": "2012-07-17 11:06:02",
            "limit_visibility_in_menu": null,
            "parent": null,
            "publisher_state": 1,
            "soft_root": false,
            "publication_date": "2012-05-28 14:18:04",
            "publisher_public": null,
            "level": 0,
            "changed_by": "sysadmin",
            "publisher_is_draft": true,
            "published": true
        }
    },
    {
        "pk": 28,
        "model": "cms.page",
        "fields": {
            "rght": 2,
            "navigation_extenders": "",
            "site": 1,
            "creation_date": "2012-05-28 13:24:39",
            "lft": 1,
            "in_navigation": false,
            "reverse_id": null,
            "login_required": false,
            "created_by": "sysadmin",
            "publication_end_date": null,
            "moderator_state": 0,
            "template": "misc.html",
            "tree_id": 14,
            "placeholders": [
                92,
                100,
                124,
                125,
                126,
                127,
                128,
                251
            ],
            "changed_date": "2012-07-17 11:06:17",
            "limit_visibility_in_menu": null,
            "parent": null,
            "publisher_state": 1,
            "soft_root": false,
            "publication_date": "2012-05-28 14:18:04",
            "publisher_public": null,
            "level": 0,
            "changed_by": "sysadmin",
            "publisher_is_draft": true,
            "published": true
        }
    },
    {
        "pk": 30,
        "model": "cms.page",
        "fields": {
            "rght": 2,
            "navigation_extenders": "",
            "site": 1,
            "creation_date": "2012-05-28 13:24:57",
            "lft": 1,
            "in_navigation": false,
            "reverse_id": null,
            "login_required": false,
            "created_by": "sysadmin",
            "publication_end_date": null,
            "moderator_state": 0,
            "template": "misc.html",
            "tree_id": 16,
            "placeholders": [
                94,
                102,
                260,
                261,
                262,
                263
            ],
            "changed_date": "2012-07-17 11:06:30",
            "limit_visibility_in_menu": null,
            "parent": null,
            "publisher_state": 1,
            "soft_root": false,
            "publication_date": "2012-05-28 14:18:01",
            "publisher_public": null,
            "level": 0,
            "changed_by": "sysadmin",
            "publisher_is_draft": true,
            "published": true
        }
    },
    {
        "pk": 31,
        "model": "cms.page",
        "fields": {
            "rght": 2,
            "navigation_extenders": "",
            "site": 1,
            "creation_date": "2012-05-28 13:25:07",
            "lft": 1,
            "in_navigation": false,
            "reverse_id": null,
            "login_required": false,
            "created_by": "sysadmin",
            "publication_end_date": null,
            "moderator_state": 0,
            "template": "misc.html",
            "tree_id": 17,
            "placeholders": [
                95,
                103,
                266,
                267,
                268,
                269
            ],
            "changed_date": "2012-07-17 11:06:53",
            "limit_visibility_in_menu": null,
            "parent": null,
            "publisher_state": 1,
            "soft_root": false,
            "publication_date": "2012-05-28 14:18:00",
            "publisher_public": null,
            "level": 0,
            "changed_by": "sysadmin",
            "publisher_is_draft": true,
            "published": true
        }
    },
    {
        "pk": 33,
        "model": "cms.page",
        "fields": {
            "rght": 2,
            "navigation_extenders": "",
            "site": 1,
            "creation_date": "2012-05-28 13:25:36",
            "lft": 1,
            "in_navigation": false,
            "reverse_id": null,
            "login_required": false,
            "created_by": "sysadmin",
            "publication_end_date": null,
            "moderator_state": 0,
            "template": "newsletter.html",
            "tree_id": 19,
            "placeholders": [
                97,
                105,
                119,
                120,
                121,
                122,
                123,
                264
            ],
            "changed_date": "2012-07-30 13:44:35",
            "limit_visibility_in_menu": null,
            "parent": null,
            "publisher_state": 1,
            "soft_root": false,
            "publication_date": "2012-05-28 14:17:58",
            "publisher_public": null,
            "level": 0,
            "changed_by": "sysadmin",
            "publisher_is_draft": true,
            "published": true
        }
    },
    {
        "pk": 35,
        "model": "cms.page",
        "fields": {
            "rght": 2,
            "navigation_extenders": "",
            "site": 1,
            "creation_date": "2012-05-28 13:26:01",
            "lft": 1,
            "in_navigation": false,
            "reverse_id": null,
            "login_required": false,
            "created_by": "sysadmin",
            "publication_end_date": null,
            "moderator_state": 0,
            "template": "misc.html",
            "tree_id": 21,
            "placeholders": [
                99,
                107,
                108,
                109,
                110,
                111,
                112,
                113,
                114,
                115,
                116,
                117,
                118,
                265
            ],
            "changed_date": "2012-07-17 11:07:23",
            "limit_visibility_in_menu": null,
            "parent": null,
            "publisher_state": 1,
            "soft_root": false,
            "publication_date": "2012-05-28 14:17:56",
            "publisher_public": null,
            "level": 0,
            "changed_by": "sysadmin",
            "publisher_is_draft": true,
            "published": true
        }
    },
    {
        "pk": 78,
        "model": "cms.page",
        "fields": {
            "rght": 2,
            "navigation_extenders": "",
            "site": 1,
            "creation_date": "2012-07-30 16:45:18",
            "lft": 1,
            "in_navigation": false,
            "reverse_id": null,
            "login_required": false,
            "created_by": "sysadmin",
            "publication_end_date": null,
            "moderator_state": 0,
            "template": "about.html",
            "tree_id": 24,
            "placeholders": [
                339,
                340
            ],
            "changed_date": "2012-07-30 16:45:22",
            "limit_visibility_in_menu": null,
            "parent": null,
            "publisher_state": 1,
            "soft_root": false,
            "publication_date": "2012-07-30 16:45:22",
            "publisher_public": null,
            "level": 0,
            "changed_by": "sysadmin",
            "publisher_is_draft": true,
            "published": true
        }
    },
    {
        "pk": 79,
        "model": "cms.page",
        "fields": {
            "rght": 2,
            "navigation_extenders": "",
            "site": 1,
            "creation_date": "2012-08-01 09:51:55",
            "lft": 1,
            "in_navigation": false,
            "reverse_id": null,
            "login_required": false,
            "created_by": "sysadmin",
            "publication_end_date": null,
            "moderator_state": 0,
            "template": "cmsplugin_blog_base.html",
            "tree_id": 25,
            "placeholders": [],
            "changed_date": "2012-08-01 10:38:56",
            "limit_visibility_in_menu": null,
            "parent": null,
            "publisher_state": 1,
            "soft_root": false,
            "publication_date": "2012-08-01 10:10:07",
            "publisher_public": null,
            "level": 0,
            "changed_by": "sysadmin",
            "publisher_is_draft": true,
            "published": true
        }
    },
    {
        "pk": 339,
        "model": "cms.placeholder",
        "fields": {
            "slot": "pgtitle",
            "default_width": null
        }
    },
    {
        "pk": 340,
        "model": "cms.placeholder",
        "fields": {
            "slot": "main_content",
            "default_width": null
        }
    },
    {
        "pk": 342,
        "model": "cms.placeholder",
        "fields": {
            "slot": "support_title",
            "default_width": null
        }
    },
    {
        "pk": 79,
        "model": "cms.placeholder",
        "fields": {
            "slot": "hero_image",
            "default_width": null
        }
    },
    {
        "pk": 80,
        "model": "cms.placeholder",
        "fields": {
            "slot": "features",
            "default_width": null
        }
    },
    {
        "pk": 81,
        "model": "cms.placeholder",
        "fields": {
            "slot": "feedback_02",
            "default_width": null
        }
    },
    {
        "pk": 82,
        "model": "cms.placeholder",
        "fields": {
            "slot": "hero_image",
            "default_width": null
        }
    },
    {
        "pk": 83,
        "model": "cms.placeholder",
        "fields": {
            "slot": "Strapline",
            "default_width": null
        }
    },
    {
        "pk": 84,
        "model": "cms.placeholder",
        "fields": {
            "slot": "support_welcome",
            "default_width": null
        }
    },
    {
        "pk": 85,
        "model": "cms.placeholder",
        "fields": {
            "slot": "team",
            "default_width": null
        }
    },
    {
        "pk": 344,
        "model": "cms.placeholder",
        "fields": {
            "slot": "support_title",
            "default_width": null
        }
    },
    {
        "pk": 87,
        "model": "cms.placeholder",
        "fields": {
            "slot": "support_product",
            "default_width": null
        }
    },
    {
        "pk": 88,
        "model": "cms.placeholder",
        "fields": {
            "slot": "support_document",
            "default_width": null
        }
    },
    {
        "pk": 89,
        "model": "cms.placeholder",
        "fields": {
            "slot": "product",
            "default_width": null
        }
    },
    {
        "pk": 90,
        "model": "cms.placeholder",
        "fields": {
            "slot": "catagory",
            "default_width": null
        }
    },
    {
        "pk": 91,
        "model": "cms.placeholder",
        "fields": {
            "slot": "catagory",
            "default_width": null
        }
    },
    {
        "pk": 92,
        "model": "cms.placeholder",
        "fields": {
            "slot": "template_1_content",
            "default_width": null
        }
    },
    {
        "pk": 346,
        "model": "cms.placeholder",
        "fields": {
            "slot": "support_title",
            "default_width": null
        }
    },
    {
        "pk": 94,
        "model": "cms.placeholder",
        "fields": {
            "slot": "template_1_content",
            "default_width": null
        }
    },
    {
        "pk": 95,
        "model": "cms.placeholder",
        "fields": {
            "slot": "template_1_content",
            "default_width": null
        }
    },
    {
        "pk": 350,
        "model": "cms.placeholder",
        "fields": {
            "slot": "hero_p",
            "default_width": null
        }
    },
    {
        "pk": 97,
        "model": "cms.placeholder",
        "fields": {
            "slot": "template_1_content",
            "default_width": null
        }
    },
    {
        "pk": 99,
        "model": "cms.placeholder",
        "fields": {
            "slot": "template_1_content",
            "default_width": null
        }
    },
    {
        "pk": 100,
        "model": "cms.placeholder",
        "fields": {
            "slot": "title",
            "default_width": null
        }
    },
    {
        "pk": 102,
        "model": "cms.placeholder",
        "fields": {
            "slot": "title",
            "default_width": null
        }
    },
    {
        "pk": 103,
        "model": "cms.placeholder",
        "fields": {
            "slot": "title",
            "default_width": null
        }
    },
    {
        "pk": 105,
        "model": "cms.placeholder",
        "fields": {
            "slot": "title",
            "default_width": null
        }
    },
    {
        "pk": 107,
        "model": "cms.placeholder",
        "fields": {
            "slot": "title",
            "default_width": null
        }
    },
    {
        "pk": 108,
        "model": "cms.placeholder",
        "fields": {
            "slot": "Welcome",
            "default_width": null
        }
    },
    {
        "pk": 109,
        "model": "cms.placeholder",
        "fields": {
            "slot": "content",
            "default_width": null
        }
    },
    {
        "pk": 110,
        "model": "cms.placeholder",
        "fields": {
            "slot": "side_content",
            "default_width": null
        }
    },
    {
        "pk": 111,
        "model": "cms.placeholder",
        "fields": {
            "slot": "side_content_header",
            "default_width": null
        }
    },
    {
        "pk": 112,
        "model": "cms.placeholder",
        "fields": {
            "slot": "side_content_primary_header",
            "default_width": null
        }
    },
    {
        "pk": 113,
        "model": "cms.placeholder",
        "fields": {
            "slot": "side_",
            "default_width": null
        }
    },
    {
        "pk": 114,
        "model": "cms.placeholder",
        "fields": {
            "slot": "side_primary_h",
            "default_width": null
        }
    },
    {
        "pk": 115,
        "model": "cms.placeholder",
        "fields": {
            "slot": "side_primary_p",
            "default_width": null
        }
    },
    {
        "pk": 116,
        "model": "cms.placeholder",
        "fields": {
            "slot": "side_secondary_h",
            "default_width": null
        }
    },
    {
        "pk": 117,
        "model": "cms.placeholder",
        "fields": {
            "slot": "side_secondary_p",
            "default_width": null
        }
    },
    {
        "pk": 118,
        "model": "cms.placeholder",
        "fields": {
            "slot": "main_content",
            "default_width": null
        }
    },
    {
        "pk": 119,
        "model": "cms.placeholder",
        "fields": {
            "slot": "main_content",
            "default_width": null
        }
    },
    {
        "pk": 120,
        "model": "cms.placeholder",
        "fields": {
            "slot": "side_primary_h",
            "default_width": null
        }
    },
    {
        "pk": 121,
        "model": "cms.placeholder",
        "fields": {
            "slot": "side_primary_p",
            "default_width": null
        }
    },
    {
        "pk": 122,
        "model": "cms.placeholder",
        "fields": {
            "slot": "side_secondary_h",
            "default_width": null
        }
    },
    {
        "pk": 48,
        "model": "cms.placeholder",
        "fields": {
            "slot": "strapline",
            "default_width": null
        }
    },
    {
        "pk": 49,
        "model": "cms.placeholder",
        "fields": {
            "slot": "hero",
            "default_width": null
        }
    },
    {
        "pk": 50,
        "model": "cms.placeholder",
        "fields": {
            "slot": "Feedback",
            "default_width": null
        }
    },
    {
        "pk": 51,
        "model": "cms.placeholder",
        "fields": {
            "slot": "strapline",
            "default_width": null
        }
    },
    {
        "pk": 52,
        "model": "cms.placeholder",
        "fields": {
            "slot": "features",
            "default_width": null
        }
    },
    {
        "pk": 53,
        "model": "cms.placeholder",
        "fields": {
            "slot": "feedback_02",
            "default_width": null
        }
    },
    {
        "pk": 54,
        "model": "cms.placeholder",
        "fields": {
            "slot": "strapline",
            "default_width": null
        }
    },
    {
        "pk": 55,
        "model": "cms.placeholder",
        "fields": {
            "slot": "features",
            "default_width": null
        }
    },
    {
        "pk": 56,
        "model": "cms.placeholder",
        "fields": {
            "slot": "feedback_02",
            "default_width": null
        }
    },
    {
        "pk": 57,
        "model": "cms.placeholder",
        "fields": {
            "slot": "strapline",
            "default_width": null
        }
    },
    {
        "pk": 58,
        "model": "cms.placeholder",
        "fields": {
            "slot": "features",
            "default_width": null
        }
    },
    {
        "pk": 59,
        "model": "cms.placeholder",
        "fields": {
            "slot": "feedback_02",
            "default_width": null
        }
    },
    {
        "pk": 60,
        "model": "cms.placeholder",
        "fields": {
            "slot": "template_1_content",
            "default_width": null
        }
    },
    {
        "pk": 61,
        "model": "cms.placeholder",
        "fields": {
            "slot": "Welcome",
            "default_width": null
        }
    },
    {
        "pk": 62,
        "model": "cms.placeholder",
        "fields": {
            "slot": "support_product",
            "default_width": null
        }
    },
    {
        "pk": 63,
        "model": "cms.placeholder",
        "fields": {
            "slot": "support_document",
            "default_width": null
        }
    },
    {
        "pk": 64,
        "model": "cms.placeholder",
        "fields": {
            "slot": "support_product",
            "default_width": null
        }
    },
    {
        "pk": 65,
        "model": "cms.placeholder",
        "fields": {
            "slot": "support_document",
            "default_width": null
        }
    },
    {
        "pk": 123,
        "model": "cms.placeholder",
        "fields": {
            "slot": "side_secondary_p",
            "default_width": null
        }
    },
    {
        "pk": 124,
        "model": "cms.placeholder",
        "fields": {
            "slot": "main_content",
            "default_width": null
        }
    },
    {
        "pk": 125,
        "model": "cms.placeholder",
        "fields": {
            "slot": "side_primary_h",
            "default_width": null
        }
    },
    {
        "pk": 126,
        "model": "cms.placeholder",
        "fields": {
            "slot": "side_primary_p",
            "default_width": null
        }
    },
    {
        "pk": 72,
        "model": "cms.placeholder",
        "fields": {
            "slot": "support_product",
            "default_width": null
        }
    },
    {
        "pk": 73,
        "model": "cms.placeholder",
        "fields": {
            "slot": "support_document",
            "default_width": null
        }
    },
    {
        "pk": 74,
        "model": "cms.placeholder",
        "fields": {
            "slot": "hero",
            "default_width": null
        }
    },
    {
        "pk": 75,
        "model": "cms.placeholder",
        "fields": {
            "slot": "Feedback",
            "default_width": null
        }
    },
    {
        "pk": 127,
        "model": "cms.placeholder",
        "fields": {
            "slot": "side_secondary_h",
            "default_width": null
        }
    },
    {
        "pk": 128,
        "model": "cms.placeholder",
        "fields": {
            "slot": "side_secondary_p",
            "default_width": null
        }
    },
    {
        "pk": 136,
        "model": "cms.placeholder",
        "fields": {
            "slot": "support_product",
            "default_width": null
        }
    },
    {
        "pk": 137,
        "model": "cms.placeholder",
        "fields": {
            "slot": "support_document",
            "default_width": null
        }
    },
    {
        "pk": 138,
        "model": "cms.placeholder",
        "fields": {
            "slot": "other_tutorials",
            "default_width": null
        }
    },
    {
        "pk": 139,
        "model": "cms.placeholder",
        "fields": {
            "slot": "other_tutorials2",
            "default_width": null
        }
    },
    {
        "pk": 140,
        "model": "cms.placeholder",
        "fields": {
            "slot": "sup",
            "default_width": null
        }
    },
    {
        "pk": 141,
        "model": "cms.placeholder",
        "fields": {
            "slot": "support_description",
            "default_width": null
        }
    },
    {
        "pk": 142,
        "model": "cms.placeholder",
        "fields": {
            "slot": "support_description_1",
            "default_width": null
        }
    },
    {
        "pk": 143,
        "model": "cms.placeholder",
        "fields": {
            "slot": "support_description_2",
            "default_width": null
        }
    },
    {
        "pk": 144,
        "model": "cms.placeholder",
        "fields": {
            "slot": "support_description_3",
            "default_width": null
        }
    },
    {
        "pk": 145,
        "model": "cms.placeholder",
        "fields": {
            "slot": "support_decriptin_1h",
            "default_width": null
        }
    },
    {
        "pk": 146,
        "model": "cms.placeholder",
        "fields": {
            "slot": "support_description_1p",
            "default_width": null
        }
    },
    {
        "pk": 147,
        "model": "cms.placeholder",
        "fields": {
            "slot": "support_decriptin_2h",
            "default_width": null
        }
    },
    {
        "pk": 148,
        "model": "cms.placeholder",
        "fields": {
            "slot": "support_description_2p",
            "default_width": null
        }
    },
    {
        "pk": 149,
        "model": "cms.placeholder",
        "fields": {
            "slot": "support_decriptin_3h",
            "default_width": null
        }
    },
    {
        "pk": 150,
        "model": "cms.placeholder",
        "fields": {
            "slot": "support_description_3p",
            "default_width": null
        }
    },
    {
        "pk": 151,
        "model": "cms.placeholder",
        "fields": {
            "slot": "support_title",
            "default_width": null
        }
    },
    {
        "pk": 152,
        "model": "cms.placeholder",
        "fields": {
            "slot": "support_title",
            "default_width": null
        }
    },
    {
        "pk": 153,
        "model": "cms.placeholder",
        "fields": {
            "slot": "support_decriptin_1h",
            "default_width": null
        }
    },
    {
        "pk": 154,
        "model": "cms.placeholder",
        "fields": {
            "slot": "support_description_1p",
            "default_width": null
        }
    },
    {
        "pk": 155,
        "model": "cms.placeholder",
        "fields": {
            "slot": "support_decriptin_2h",
            "default_width": null
        }
    },
    {
        "pk": 156,
        "model": "cms.placeholder",
        "fields": {
            "slot": "support_description_2p",
            "default_width": null
        }
    },
    {
        "pk": 157,
        "model": "cms.placeholder",
        "fields": {
            "slot": "support_decriptin_3h",
            "default_width": null
        }
    },
    {
        "pk": 158,
        "model": "cms.placeholder",
        "fields": {
            "slot": "support_description_3p",
            "default_width": null
        }
    },
    {
        "pk": 159,
        "model": "cms.placeholder",
        "fields": {
            "slot": "other_tutorials",
            "default_width": null
        }
    },
    {
        "pk": 168,
        "model": "cms.placeholder",
        "fields": {
            "slot": "support_title",
            "default_width": null
        }
    },
    {
        "pk": 169,
        "model": "cms.placeholder",
        "fields": {
            "slot": "support_decriptin_1h",
            "default_width": null
        }
    },
    {
        "pk": 170,
        "model": "cms.placeholder",
        "fields": {
            "slot": "support_description_1p",
            "default_width": null
        }
    },
    {
        "pk": 171,
        "model": "cms.placeholder",
        "fields": {
            "slot": "support_decriptin_2h",
            "default_width": null
        }
    },
    {
        "pk": 172,
        "model": "cms.placeholder",
        "fields": {
            "slot": "support_description_2p",
            "default_width": null
        }
    },
    {
        "pk": 173,
        "model": "cms.placeholder",
        "fields": {
            "slot": "support_decriptin_3h",
            "default_width": null
        }
    },
    {
        "pk": 174,
        "model": "cms.placeholder",
        "fields": {
            "slot": "support_description_3p",
            "default_width": null
        }
    },
    {
        "pk": 175,
        "model": "cms.placeholder",
        "fields": {
            "slot": "other_tutorials",
            "default_width": null
        }
    },
    {
        "pk": 176,
        "model": "cms.placeholder",
        "fields": {
            "slot": "product_logo",
            "default_width": null
        }
    },
    {
        "pk": 177,
        "model": "cms.placeholder",
        "fields": {
            "slot": "product_logo",
            "default_width": null
        }
    },
    {
        "pk": 178,
        "model": "cms.placeholder",
        "fields": {
            "slot": "product_logo",
            "default_width": null
        }
    },
    {
        "pk": 195,
        "model": "cms.placeholder",
        "fields": {
            "slot": "support_product",
            "default_width": null
        }
    },
    {
        "pk": 196,
        "model": "cms.placeholder",
        "fields": {
            "slot": "support_document",
            "default_width": null
        }
    },
    {
        "pk": 221,
        "model": "cms.placeholder",
        "fields": {
            "slot": "support_product",
            "default_width": null
        }
    },
    {
        "pk": 222,
        "model": "cms.placeholder",
        "fields": {
            "slot": "support_document",
            "default_width": null
        }
    },
    {
        "pk": 231,
        "model": "cms.placeholder",
        "fields": {
            "slot": "support_product",
            "default_width": null
        }
    },
    {
        "pk": 232,
        "model": "cms.placeholder",
        "fields": {
            "slot": "support_document",
            "default_width": null
        }
    },
    {
        "pk": 341,
        "model": "cms.placeholder",
        "fields": {
            "slot": "support_title",
            "default_width": null
        }
    },
    {
        "pk": 343,
        "model": "cms.placeholder",
        "fields": {
            "slot": "support_title",
            "default_width": null
        }
    },
    {
        "pk": 237,
        "model": "cms.placeholder",
        "fields": {
            "slot": "support_product",
            "default_width": null
        }
    },
    {
        "pk": 238,
        "model": "cms.placeholder",
        "fields": {
            "slot": "support_document",
            "default_width": null
        }
    },
    {
        "pk": 239,
        "model": "cms.placeholder",
        "fields": {
            "slot": "support_product",
            "default_width": null
        }
    },
    {
        "pk": 240,
        "model": "cms.placeholder",
        "fields": {
            "slot": "support_document",
            "default_width": null
        }
    },
    {
        "pk": 345,
        "model": "cms.placeholder",
        "fields": {
            "slot": "support_title",
            "default_width": null
        }
    },
    {
        "pk": 347,
        "model": "cms.placeholder",
        "fields": {
            "slot": "first",
            "default_width": null
        }
    },
    {
        "pk": 243,
        "model": "cms.placeholder",
        "fields": {
            "slot": "support_product",
            "default_width": null
        }
    },
    {
        "pk": 244,
        "model": "cms.placeholder",
        "fields": {
            "slot": "support_document",
            "default_width": null
        }
    },
    {
        "pk": 245,
        "model": "cms.placeholder",
        "fields": {
            "slot": "support_product",
            "default_width": null
        }
    },
    {
        "pk": 246,
        "model": "cms.placeholder",
        "fields": {
            "slot": "support_document",
            "default_width": null
        }
    },
    {
        "pk": 247,
        "model": "cms.placeholder",
        "fields": {
            "slot": "support_product",
            "default_width": null
        }
    },
    {
        "pk": 248,
        "model": "cms.placeholder",
        "fields": {
            "slot": "support_document",
            "default_width": null
        }
    },
    {
        "pk": 249,
        "model": "cms.placeholder",
        "fields": {
            "slot": "support_product",
            "default_width": null
        }
    },
    {
        "pk": 250,
        "model": "cms.placeholder",
        "fields": {
            "slot": "support_document",
            "default_width": null
        }
    },
    {
        "pk": 251,
        "model": "cms.placeholder",
        "fields": {
            "slot": "pgtitle",
            "default_width": null
        }
    },
    {
        "pk": 252,
        "model": "cms.placeholder",
        "fields": {
            "slot": "pgtitle",
            "default_width": null
        }
    },
    {
        "pk": 253,
        "model": "cms.placeholder",
        "fields": {
            "slot": "main_content",
            "default_width": null
        }
    },
    {
        "pk": 254,
        "model": "cms.placeholder",
        "fields": {
            "slot": "side_secondary_h",
            "default_width": null
        }
    },
    {
        "pk": 255,
        "model": "cms.placeholder",
        "fields": {
            "slot": "side_secondary_p",
            "default_width": null
        }
    },
    {
        "pk": 256,
        "model": "cms.placeholder",
        "fields": {
            "slot": "template_1_content",
            "default_width": null
        }
    },
    {
        "pk": 257,
        "model": "cms.placeholder",
        "fields": {
            "slot": "title",
            "default_width": null
        }
    },
    {
        "pk": 258,
        "model": "cms.placeholder",
        "fields": {
            "slot": "side_primary_h",
            "default_width": null
        }
    },
    {
        "pk": 259,
        "model": "cms.placeholder",
        "fields": {
            "slot": "side_primary_p",
            "default_width": null
        }
    },
    {
        "pk": 260,
        "model": "cms.placeholder",
        "fields": {
            "slot": "pgtitle",
            "default_width": null
        }
    },
    {
        "pk": 261,
        "model": "cms.placeholder",
        "fields": {
            "slot": "main_content",
            "default_width": null
        }
    },
    {
        "pk": 262,
        "model": "cms.placeholder",
        "fields": {
            "slot": "side_secondary_h",
            "default_width": null
        }
    },
    {
        "pk": 263,
        "model": "cms.placeholder",
        "fields": {
            "slot": "side_secondary_p",
            "default_width": null
        }
    },
    {
        "pk": 264,
        "model": "cms.placeholder",
        "fields": {
            "slot": "pgtitle",
            "default_width": null
        }
    },
    {
        "pk": 265,
        "model": "cms.placeholder",
        "fields": {
            "slot": "pgtitle",
            "default_width": null
        }
    },
    {
        "pk": 266,
        "model": "cms.placeholder",
        "fields": {
            "slot": "pgtitle",
            "default_width": null
        }
    },
    {
        "pk": 267,
        "model": "cms.placeholder",
        "fields": {
            "slot": "main_content",
            "default_width": null
        }
    },
    {
        "pk": 268,
        "model": "cms.placeholder",
        "fields": {
            "slot": "side_secondary_h",
            "default_width": null
        }
    },
    {
        "pk": 269,
        "model": "cms.placeholder",
        "fields": {
            "slot": "side_secondary_p",
            "default_width": null
        }
    },
    {
        "pk": 348,
        "model": "cms.placeholder",
        "fields": {
            "slot": "second",
            "default_width": null
        }
    },
    {
        "pk": 349,
        "model": "cms.placeholder",
        "fields": {
            "slot": "third",
            "default_width": null
        }
    },
    {
        "pk": 351,
        "model": "cms.placeholder",
        "fields": {
            "slot": "home_video",
            "default_width": null
        }
    },
    {
        "pk": 278,
        "model": "cms.placeholder",
        "fields": {
            "slot": "pgtitle",
            "default_width": null
        }
    },
    {
        "pk": 279,
        "model": "cms.placeholder",
        "fields": {
            "slot": "main_content",
            "default_width": null
        }
    },
    {
        "pk": 280,
        "model": "cms.placeholder",
        "fields": {
            "slot": "side_secondary_h",
            "default_width": null
        }
    },
    {
        "pk": 281,
        "model": "cms.placeholder",
        "fields": {
            "slot": "side_secondary_p",
            "default_width": null
        }
    },
    {
        "pk": 282,
        "model": "cms.placeholder",
        "fields": {
            "slot": "strapline",
            "default_width": null
        }
    },
    {
        "pk": 287,
        "model": "cms.placeholder",
        "fields": {
            "slot": "support_product",
            "default_width": null
        }
    },
    {
        "pk": 288,
        "model": "cms.placeholder",
        "fields": {
            "slot": "support_title",
            "default_width": null
        }
    },
    {
        "pk": 289,
        "model": "cms.placeholder",
        "fields": {
            "slot": "support_decriptin_1h",
            "default_width": null
        }
    },
    {
        "pk": 290,
        "model": "cms.placeholder",
        "fields": {
            "slot": "support_description_1p",
            "default_width": null
        }
    },
    {
        "pk": 291,
        "model": "cms.placeholder",
        "fields": {
            "slot": "support_decriptin_2h",
            "default_width": null
        }
    },
    {
        "pk": 292,
        "model": "cms.placeholder",
        "fields": {
            "slot": "support_description_2p",
            "default_width": null
        }
    },
    {
        "pk": 293,
        "model": "cms.placeholder",
        "fields": {
            "slot": "support_decriptin_3h",
            "default_width": null
        }
    },
    {
        "pk": 294,
        "model": "cms.placeholder",
        "fields": {
            "slot": "support_description_3p",
            "default_width": null
        }
    },
    {
        "pk": 295,
        "model": "cms.placeholder",
        "fields": {
            "slot": "other_tutorials",
            "default_width": null
        }
    },
    {
        "pk": 296,
        "model": "cms.placeholder",
        "fields": {
            "slot": "Feedback",
            "default_width": null
        }
    },
    {
        "pk": 301,
        "model": "cms.placeholder",
        "fields": {
            "slot": "img",
            "default_width": null
        }
    },
    {
        "pk": 302,
        "model": "cms.placeholder",
        "fields": {
            "slot": "test",
            "default_width": null
        }
    },
    {
        "pk": 318,
        "model": "cms.placeholder",
        "fields": {
            "slot": "support_title",
            "default_width": null
        }
    },
    {
        "pk": 319,
        "model": "cms.placeholder",
        "fields": {
            "slot": "excerpt",
            "default_width": null
        }
    },
    {
        "pk": 320,
        "model": "cms.placeholder",
        "fields": {
            "slot": "content",
            "default_width": null
        }
    },
    {
        "pk": 321,
        "model": "cms.placeholder",
        "fields": {
            "slot": "first",
            "default_width": null
        }
    },
    {
        "pk": 322,
        "model": "cms.placeholder",
        "fields": {
            "slot": "second",
            "default_width": null
        }
    },
    {
        "pk": 323,
        "model": "cms.placeholder",
        "fields": {
            "slot": "third",
            "default_width": null
        }
    },
    {
        "pk": 324,
        "model": "cms.placeholder",
        "fields": {
            "slot": "first",
            "default_width": null
        }
    },
    {
        "pk": 325,
        "model": "cms.placeholder",
        "fields": {
            "slot": "second",
            "default_width": null
        }
    },
    {
        "pk": 326,
        "model": "cms.placeholder",
        "fields": {
            "slot": "third",
            "default_width": null
        }
    },
    {
        "pk": 332,
        "model": "cms.placeholder",
        "fields": {
            "slot": "Welcome",
            "default_width": null
        }
    },
    {
        "pk": 337,
        "model": "cms.placeholder",
        "fields": {
            "slot": "support_title",
            "default_width": null
        }
    },
    {
        "pk": 338,
        "model": "cms.placeholder",
        "fields": {
            "slot": "support_title",
            "default_width": null
        }
    },
    {
        "pk": 18,
        "model": "cms.title",
        "fields": {
            "menu_title": "",
            "redirect": "",
            "meta_keywords": "",
            "page_title": "Pebble - Fund Tracker",
            "language": "en",
            "title": "Fund Tracker",
            "has_url_overwrite": false,
            "application_urls": "",
            "creation_date": "2012-05-24 16:21:35",
            "page": 18,
            "path": "ft",
            "meta_description": "",
            "slug": "ft"
        }
    },
    {
        "pk": 64,
        "model": "cms.title",
        "fields": {
            "menu_title": "",
            "redirect": "",
            "meta_keywords": "fm support, fm support,fmsupport, fund manager supprot, fundmanager support",
            "page_title": "Pebble - Support FM - Guide",
            "language": "en",
            "title": "guide",
            "has_url_overwrite": false,
            "application_urls": "",
            "creation_date": "2012-05-29 12:03:51",
            "page": 64,
            "path": "support/fm/guide-copy-2",
            "meta_description": "",
            "slug": "guide-copy-2"
        }
    },
    {
        "pk": 27,
        "model": "cms.title",
        "fields": {
            "menu_title": "",
            "redirect": "",
            "meta_keywords": "sfmv7 support, sfm, fmv7, sfm suport, sfmsupport, support",
            "page_title": "Pebble - Support SFM",
            "language": "en",
            "title": "sfm7",
            "has_url_overwrite": false,
            "application_urls": "",
            "creation_date": "2012-05-28 09:44:53",
            "page": 27,
            "path": "support/sfm7",
            "meta_description": "",
            "slug": "sfm7"
        }
    },
    {
        "pk": 66,
        "model": "cms.title",
        "fields": {
            "menu_title": "",
            "redirect": "",
            "meta_keywords": "fm suport, fmsupport, support",
            "page_title": "Pebble - Support SFM - Guide",
            "language": "en",
            "title": "guide",
            "has_url_overwrite": false,
            "application_urls": "",
            "creation_date": "2012-05-29 12:03:51",
            "page": 66,
            "path": "support/sfm7/guide",
            "meta_description": "",
            "slug": "guide"
        }
    },
    {
        "pk": 67,
        "model": "cms.title",
        "fields": {
            "menu_title": "",
            "redirect": "",
            "meta_keywords": "fm suport, fmsupport, support",
            "page_title": "Pebble - Support SFM - Guide",
            "language": "en",
            "title": "guide",
            "has_url_overwrite": false,
            "application_urls": "",
            "creation_date": "2012-05-29 12:03:51",
            "page": 67,
            "path": "support/sfm7/guide-copy-9",
            "meta_description": "",
            "slug": "guide-copy-9"
        }
    },
    {
        "pk": 55,
        "model": "cms.title",
        "fields": {
            "menu_title": "",
            "redirect": "",
            "meta_keywords": "fm suport, fmsupport, support",
            "page_title": "Pebble - Support SFM - Guide",
            "language": "en",
            "title": "guide",
            "has_url_overwrite": false,
            "application_urls": "",
            "creation_date": "2012-05-29 12:03:51",
            "page": 55,
            "path": "support/sfm7/guide-copy-7",
            "meta_description": "",
            "slug": "guide-copy-7"
        }
    },
    {
        "pk": 15,
        "model": "cms.title",
        "fields": {
            "menu_title": "",
            "redirect": "",
            "meta_keywords": "mypebble homepage, my pebble hompage, my pebble index, home",
            "page_title": "Pebble Home Page",
            "language": "en",
            "title": "Home",
            "has_url_overwrite": true,
            "application_urls": "",
            "creation_date": "2012-05-24 16:21:02",
            "page": 15,
            "path": "home",
            "meta_description": "",
            "slug": "home"
        }
    },
    {
        "pk": 70,
        "model": "cms.title",
        "fields": {
            "menu_title": "",
            "redirect": "",
            "meta_keywords": "privacy policy",
            "page_title": "Pebble privacy policy",
            "language": "en",
            "title": "privacy",
            "has_url_overwrite": false,
            "application_urls": "",
            "creation_date": "2012-05-28 13:24:39",
            "page": 70,
            "path": "privacy",
            "meta_description": "",
            "slug": "privacy"
        }
    },
    {
        "pk": 28,
        "model": "cms.title",
        "fields": {
            "menu_title": "",
            "redirect": "",
            "meta_keywords": "security policy",
            "page_title": "Pebble security policy",
            "language": "en",
            "title": "security",
            "has_url_overwrite": false,
            "application_urls": "",
            "creation_date": "2012-05-28 13:24:39",
            "page": 28,
            "path": "security",
            "meta_description": "",
            "slug": "security"
        }
    },
    {
        "pk": 30,
        "model": "cms.title",
        "fields": {
            "menu_title": "",
            "redirect": "",
            "meta_keywords": "terms and conditions, t&c",
            "page_title": "Pebble terms and conditions",
            "language": "en",
            "title": "terms",
            "has_url_overwrite": false,
            "application_urls": "",
            "creation_date": "2012-05-28 13:24:57",
            "page": 30,
            "path": "terms",
            "meta_description": "",
            "slug": "terms"
        }
    },
    {
        "pk": 22,
        "model": "cms.title",
        "fields": {
            "menu_title": "",
            "redirect": "",
            "meta_keywords": "ff suport, ffsupport, support, sff support, sffsupport",
            "page_title": "Pebble - Support SFF",
            "language": "en",
            "title": "sff",
            "has_url_overwrite": false,
            "application_urls": "",
            "creation_date": "2012-05-24 16:29:25",
            "page": 22,
            "path": "support/sff",
            "meta_description": "",
            "slug": "sff"
        }
    },
    {
        "pk": 16,
        "model": "cms.title",
        "fields": {
            "menu_title": "",
            "redirect": "",
            "meta_keywords": "fund manager, school fund manager, v8, fund manager v8, v8, cloud hosted,  ",
            "page_title": "Pebble - Fund Manager",
            "language": "en",
            "title": "Fund Manager",
            "has_url_overwrite": false,
            "application_urls": "",
            "creation_date": "2012-05-24 16:21:14",
            "page": 16,
            "path": "fm",
            "meta_description": "",
            "slug": "fm"
        }
    },
    {
        "pk": 19,
        "model": "cms.title",
        "fields": {
            "menu_title": "",
            "redirect": "",
            "meta_keywords": "support, pebble support, fund manager support, fund finder support, school fund finder support, fund manager v7, fund manager, fund manager v8 support, FM, FM support, SFM, SFM supprt, FMv8 suooirt, FMv8",
            "page_title": "Peble - Support",
            "language": "en",
            "title": "Support",
            "has_url_overwrite": false,
            "application_urls": "",
            "creation_date": "2012-05-24 16:25:27",
            "page": 19,
            "path": "support",
            "meta_description": "",
            "slug": "support"
        }
    },
    {
        "pk": 31,
        "model": "cms.title",
        "fields": {
            "menu_title": "",
            "redirect": "",
            "meta_keywords": "Accessibility",
            "page_title": "Pebble Accessibility",
            "language": "en",
            "title": "accessibility",
            "has_url_overwrite": false,
            "application_urls": "",
            "creation_date": "2012-05-28 13:25:07",
            "page": 31,
            "path": "accessibility",
            "meta_description": "",
            "slug": "accessibility"
        }
    },
    {
        "pk": 33,
        "model": "cms.title",
        "fields": {
            "menu_title": "",
            "redirect": "",
            "meta_keywords": "Newsletter, pebble newsletter",
            "page_title": "Pebble Newsletter",
            "language": "en",
            "title": "newsletter",
            "has_url_overwrite": false,
            "application_urls": "",
            "creation_date": "2012-05-28 13:25:36",
            "page": 33,
            "path": "newsletter",
            "meta_description": "",
            "slug": "newsletter"
        }
    },
    {
        "pk": 20,
        "model": "cms.title",
        "fields": {
            "menu_title": "",
            "redirect": "",
            "meta_keywords": "contact pebble, contact, enquiries, enquiry, fm enquiry, sfm enquiry, sff enquiry, ff enquiry",
            "page_title": "Pebble - Contact ",
            "language": "en",
            "title": "Enquiries",
            "has_url_overwrite": false,
            "application_urls": "",
            "creation_date": "2012-05-24 16:25:48",
            "page": 20,
            "path": "enquiries",
            "meta_description": "",
            "slug": "enquiries"
        }
    },
    {
        "pk": 60,
        "model": "cms.title",
        "fields": {
            "menu_title": "",
            "redirect": "",
            "meta_keywords": "",
            "page_title": "Pebble - Support FF - Guide",
            "language": "en",
            "title": "guide",
            "has_url_overwrite": false,
            "application_urls": "",
            "creation_date": "2012-05-29 12:03:51",
            "page": 60,
            "path": "support/sff/guide",
            "meta_description": "",
            "slug": "guide"
        }
    },
    {
        "pk": 35,
        "model": "cms.title",
        "fields": {
            "menu_title": "",
            "redirect": "",
            "meta_keywords": "Development",
            "page_title": "Pebble Development",
            "language": "en",
            "title": "development",
            "has_url_overwrite": false,
            "application_urls": "",
            "creation_date": "2012-05-28 13:26:01",
            "page": 35,
            "path": "development",
            "meta_description": "",
            "slug": "development"
        }
    },
    {
        "pk": 26,
        "model": "cms.title",
        "fields": {
            "menu_title": null,
            "redirect": null,
            "meta_keywords": null,
            "page_title": null,
            "language": "en",
            "title": "Login",
            "has_url_overwrite": false,
            "application_urls": null,
            "creation_date": "2012-05-25 13:58:34",
            "page": 26,
            "path": "login",
            "meta_description": null,
            "slug": "login"
        }
    },
    {
        "pk": 68,
        "model": "cms.title",
        "fields": {
            "menu_title": "",
            "redirect": "",
            "meta_keywords": "",
            "page_title": "Pebble - Support FF - Guide",
            "language": "en",
            "title": "guide",
            "has_url_overwrite": false,
            "application_urls": "",
            "creation_date": "2012-05-29 12:03:51",
            "page": 68,
            "path": "support/sff/guide-copy-1",
            "meta_description": "",
            "slug": "guide-copy-1"
        }
    },
    {
        "pk": 69,
        "model": "cms.title",
        "fields": {
            "menu_title": "",
            "redirect": "",
            "meta_keywords": "",
            "page_title": "Pebble - Support FF - Guide",
            "language": "en",
            "title": "guide",
            "has_url_overwrite": false,
            "application_urls": "",
            "creation_date": "2012-05-29 12:03:51",
            "page": 69,
            "path": "support/sff/guide-copy-2",
            "meta_description": "",
            "slug": "guide-copy-2"
        }
    },
    {
        "pk": 72,
        "model": "cms.title",
        "fields": {
            "menu_title": "",
            "redirect": "",
            "meta_keywords": "",
            "page_title": "Pebble - Upgrade to FM",
            "language": "en",
            "title": "upgrade",
            "has_url_overwrite": false,
            "application_urls": "",
            "creation_date": "2012-07-02 10:36:33",
            "page": 72,
            "path": "fm/upgrade",
            "meta_description": "",
            "slug": "upgrade"
        }
    },
    {
        "pk": 17,
        "model": "cms.title",
        "fields": {
            "menu_title": "",
            "redirect": "",
            "meta_keywords": "school fund, school fund finder, fund finder, grant search, school grant serch, free grants, schools",
            "page_title": "Pebble - School Fund Finder",
            "language": "en",
            "title": "School Fund Finder",
            "has_url_overwrite": false,
            "application_urls": "",
            "creation_date": "2012-05-24 16:21:27",
            "page": 17,
            "path": "sff",
            "meta_description": "",
            "slug": "sff"
        }
    },
    {
        "pk": 79,
        "model": "cms.title",
        "fields": {
            "menu_title": "",
            "redirect": "",
            "meta_keywords": "",
            "page_title": "",
            "language": "en",
            "title": "blog",
            "has_url_overwrite": false,
            "application_urls": "",
            "creation_date": "2012-08-01 09:51:55",
            "page": 79,
            "path": "blog",
            "meta_description": "",
            "slug": "blog"
        }
    },
    {
        "pk": 77,
        "model": "cms.title",
        "fields": {
            "menu_title": "",
            "redirect": "",
            "meta_keywords": "",
            "page_title": "",
            "language": "en",
            "title": "Demo",
            "has_url_overwrite": false,
            "application_urls": "",
            "creation_date": "2012-07-26 09:11:58",
            "page": 77,
            "path": "enquiries/demo",
            "meta_description": "",
            "slug": "demo"
        }
    },
    {
        "pk": 78,
        "model": "cms.title",
        "fields": {
            "menu_title": null,
            "redirect": null,
            "meta_keywords": null,
            "page_title": null,
            "language": "en",
            "title": "about",
            "has_url_overwrite": false,
            "application_urls": null,
            "creation_date": "2012-07-30 16:45:18",
            "page": 78,
            "path": "about",
            "meta_description": null,
            "slug": "about"
        }
    },
    {
        "pk": 21,
        "model": "cms.title",
        "fields": {
            "menu_title": "",
            "redirect": "",
            "meta_keywords": "fm suport, fmsupport, support",
            "page_title": "Pebble - Support FM",
            "language": "en",
            "title": "fm",
            "has_url_overwrite": false,
            "application_urls": "",
            "creation_date": "2012-05-24 16:27:12",
            "page": 21,
            "path": "support/fm",
            "meta_description": "",
            "slug": "fm"
        }
    },
    {
        "pk": 37,
        "model": "cms.title",
        "fields": {
            "menu_title": "",
            "redirect": "",
            "meta_keywords": "fm support, fm support,fmsupport, fund manager supprot, fundmanager support",
            "page_title": "Pebble - Support FM - Guide",
            "language": "en",
            "title": "guide",
            "has_url_overwrite": false,
            "application_urls": "",
            "creation_date": "2012-05-29 12:03:51",
            "page": 37,
            "path": "support/fm/guide",
            "meta_description": "",
            "slug": "guide"
        }
    },
    {
        "pk": 63,
        "model": "cms.title",
        "fields": {
            "menu_title": "",
            "redirect": "",
            "meta_keywords": "fm support, fm support,fmsupport, fund manager supprot, fundmanager support",
            "page_title": "Pebble - Support FM - Guide",
            "language": "en",
            "title": "guide",
            "has_url_overwrite": false,
            "application_urls": "",
            "creation_date": "2012-05-29 12:03:51",
            "page": 63,
            "path": "support/fm/guide-copy",
            "meta_description": "",
            "slug": "guide-copy"
        }
    },
    {
        "pk": 11,
        "model": "forms.form",
        "fields": {
            "status": 2,
            "email_message": "",
            "title": "Online Demonstartion",
            "login_required": false,
            "email_copies": "adam.hogg.ah@gmail.com",
            "button_text": "Submit",
            "slug": "demo",
            "send_email": true,
            "intro": "",
            "publish_date": null,
            "email_from": "",
            "email_subject": "",
            "sites": [
                1
            ],
            "response": "your message has been successfully been sent to our HQ. \r\n\r\nWe will be in contact shortly.",
            "expiry_date": null
        }
    },
    {
        "pk": 9,
        "model": "forms.form",
        "fields": {
            "status": 2,
            "email_message": "As well as software we also provide real people on hand to offer all the Advice and support you need. No automated telephone lines - just a dedicated team of people who know the products inside out.\r\n\r\nUse this form to request more information or just send us a message. We'll be in touch shortly.",
            "title": " generalForm",
            "login_required": false,
            "email_copies": "adam.hogg.ah@gmail.com",
            "button_text": "Send",
            "slug": "generalForm",
            "send_email": true,
            "intro": "",
            "publish_date": null,
            "email_from": "ah@talktopebble.co.uk",
            "email_subject": "Contact Form",
            "sites": [
                1
            ],
            "response": "Thank You",
            "expiry_date": null
        }
    },
    {
        "pk": 10,
        "model": "forms.form",
        "fields": {
            "status": 1,
            "email_message": "",
            "title": "recommend",
            "login_required": false,
            "email_copies": "adam.hogg.ah@gmail.com",
            "button_text": "Submit",
            "slug": "recommend",
            "send_email": false,
            "intro": "text",
            "publish_date": null,
            "email_from": "",
            "email_subject": "",
            "sites": [
                1
            ],
            "response": "text",
            "expiry_date": null
        }
    },
    {
        "pk": 1,
        "model": "sites.site",
        "fields": {
            "domain": "example.com",
            "name": "example.com"
        }
    }
]
